"supplier_id","title","product_url","variant_id","variant","sku","option_1","option_2","option_3","source_price_INR","available","image_url","selling_price_INR","review_status"
"10349740720426","TAPE DISPENSER","https://www.ecosoftindia.in/products/tape-dispanser","52883774505258","2 INCH TAPE DISPENSER","","2 INCH TAPE DISPENSER","","","0.00","false","https://cdn.shopify.com/s/files/1/0965/0018/7434/files/WhatsAppImage2026-10-08at2.17.00PM.jpg?v=1791449263","","unreviewed"
"10284597772586","THANK YOU + REVIEW CARD","https://www.ecosoftindia.in/products/thank-you-review-card","52428203950378","DESIGN 1 / 100","","DESIGN 1","100","","199.00","true","https://cdn.shopify.com/s/files/1/0965/0018/7434/files/WhatsApp_Image_2026-08-29_at_1.58.01_PM.jpg?v=1787992567","","unreviewed"
"10284597772586","THANK YOU + REVIEW CARD","https://www.ecosoftindia.in/products/thank-you-review-card","52428203983146","DESIGN 1 / 500","","DESIGN 1","500","","399.00","true","https://cdn.shopify.com/s/files/1/0965/0018/7434/files/WhatsApp_Image_2026-08-29_at_1.58.01_PM.jpg?v=1787992567","","unreviewed"
"10284597772586","THANK YOU + REVIEW CARD","https://www.ecosoftindia.in/products/thank-you-review-card","52428204015914","DESIGN 1 / 1000","","DESIGN 1","1000","","699.00","true","https://cdn.shopify.com/s/files/1/0965/0018/7434/files/WhatsApp_Image_2026-08-29_at_1.58.01_PM.jpg?v=1787992567","","unreviewed"
"10284597772586","THANK YOU + REVIEW CARD","https://www.ecosoftindia.in/products/thank-you-review-card","52428204048682","DESIGN 2 / 100","","DESIGN 2","100","","199.00","true","https://cdn.shopify.com/s/files/1/0965/0018/7434/files/WhatsApp_Image_2026-08-29_at_1.58.02_PM.jpg?v=1787992601","","unreviewed"
"10284597772586","THANK YOU + REVIEW CARD","https://www.ecosoftindia.in/products/thank-you-review-card","52428204081450","DESIGN 2 / 500","","DESIGN 2","500","","399.00","true","https://cdn.shopify.com/s/files/1/0965/0018/7434/files/WhatsApp_Image_2026-08-29_at_1.58.02_PM.jpg?v=1787992601","","unreviewed"
"10284597772586","THANK YOU + REVIEW CARD","https://www.ecosoftindia.in/products/thank-you-review-card","52428204114218","DESIGN 2 / 1000","","DESIGN 2","1000","","699.00","true","https://cdn.shopify.com/s/files/1/0965/0018/7434/files/WhatsApp_Image_2026-08-29_at_1.58.02_PM.jpg?v=1787992601","","unreviewed"
"10284597772586","THANK YOU + REVIEW CARD","https://www.ecosoftindia.in/products/thank-you-review-card","52428204146986","DESIGN 3 / 100","","DESIGN 3","100","","199.00","true","https://cdn.shopify.com/s/files/1/0965/0018/7434/files/WhatsApp_Image_2026-08-29_at_1.58.02_PM_1.jpg?v=1787992627","","unreviewed"
"10284597772586","THANK YOU + REVIEW CARD","https://www.ecosoftindia.in/products/thank-you-review-card","52428204179754","DESIGN 3 / 500","","DESIGN 3","500","","399.00","true","https://cdn.shopify.com/s/files/1/0965/0018/7434/files/WhatsApp_Image_2026-08-29_at_1.58.02_PM_1.jpg?v=1787992627","","unreviewed"
"10284597772586","THANK YOU + REVIEW CARD","https://www.ecosoftindia.in/products/thank-you-review-card","52428204212522","DESIGN 3 / 1000","","DESIGN 3","1000","","699.00","true","https://cdn.shopify.com/s/files/1/0965/0018/7434/files/WhatsApp_Image_2026-08-29_at_1.58.02_PM_1.jpg?v=1787992627","","unreviewed"
"10284597772586","THANK YOU + REVIEW CARD","https://www.ecosoftindia.in/products/thank-you-review-card","52428204245290","DESIGN 4 / 100","","DESIGN 4","100","","199.00","true","https://cdn.shopify.com/s/files/1/0965/0018/7434/files/WhatsApp_Image_2026-08-29_at_1.58.02_PM_2.jpg?v=1787992667","","unreviewed"
"10284597772586","THANK YOU + REVIEW CARD","https://www.ecosoftindia.in/products/thank-you-review-card","52428204278058","DESIGN 4 / 500","","DESIGN 4","500","","399.00","true","https://cdn.shopify.com/s/files/1/0965/0018/7434/files/WhatsApp_Image_2026-08-29_at_1.58.02_PM_2.jpg?v=1787992667","","unreviewed"
"10284597772586","THANK YOU + REVIEW CARD","https://www.ecosoftindia.in/products/thank-you-review-card","52428204310826","DESIGN 4 / 1000","","DESIGN 4","1000","","699.00","true","https://cdn.shopify.com/s/files/1/0965/0018/7434/files/WhatsApp_Image_2026-08-29_at_1.58.02_PM_2.jpg?v=1787992667","","unreviewed"
"10284597772586","THANK YOU + REVIEW CARD","https://www.ecosoftindia.in/products/thank-you-review-card","52428204343594","DESIGN 5 / 100","","DESIGN 5","100","","199.00","true","https://cdn.shopify.com/s/files/1/0965/0018/7434/files/WhatsApp_Image_2026-08-29_at_1.58.03_PM.jpg?v=1787992705","","unreviewed"
"10284597772586","THANK YOU + REVIEW CARD","https://www.ecosoftindia.in/products/thank-you-review-card","52428204376362","DESIGN 5 / 500","","DESIGN 5","500","","399.00","true","https://cdn.shopify.com/s/files/1/0965/0018/7434/files/WhatsApp_Image_2026-08-29_at_1.58.03_PM.jpg?v=1787992705","","unreviewed"
"10284597772586","THANK YOU + REVIEW CARD","https://www.ecosoftindia.in/products/thank-you-review-card","52428204409130","DESIGN 5 / 1000","","DESIGN 5","1000","","699.00","true","https://cdn.shopify.com/s/files/1/0965/0018/7434/files/WhatsApp_Image_2026-08-29_at_1.58.03_PM.jpg?v=1787992705","","unreviewed"
"10284597772586","THANK YOU + REVIEW CARD","https://www.ecosoftindia.in/products/thank-you-review-card","52428204441898","DESIGN 6 / 100","","DESIGN 6","100","","199.00","true","https://cdn.shopify.com/s/files/1/0965/0018/7434/files/WhatsApp_Image_2026-08-29_at_1.58.03_PM_1.jpg?v=1787992733","","unreviewed"
"10284597772586","THANK YOU + REVIEW CARD","https://www.ecosoftindia.in/products/thank-you-review-card","52428204474666","DESIGN 6 / 500","","DESIGN 6","500","","699.00","true","https://cdn.shopify.com/s/files/1/0965/0018/7434/files/WhatsApp_Image_2026-08-29_at_1.58.03_PM_1.jpg?v=1787992733","","unreviewed"
"10284597772586","THANK YOU + REVIEW CARD","https://www.ecosoftindia.in/products/thank-you-review-card","52428204507434","DESIGN 6 / 1000","","DESIGN 6","1000","","399.00","true","https://cdn.shopify.com/s/files/1/0965/0018/7434/files/WhatsApp_Image_2026-08-29_at_1.58.03_PM_1.jpg?v=1787992733","","unreviewed"
"10284597772586","THANK YOU + REVIEW CARD","https://www.ecosoftindia.in/products/thank-you-review-card","52428204540202","DESIGN 7 / 100","","DESIGN 7","100","","199.00","true","https://cdn.shopify.com/s/files/1/0965/0018/7434/files/WhatsApp_Image_2026-08-29_at_1.58.03_PM_2.jpg?v=1787992764","","unreviewed"
"10284597772586","THANK YOU + REVIEW CARD","https://www.ecosoftindia.in/products/thank-you-review-card","52428204572970","DESIGN 7 / 500","","DESIGN 7","500","","399.00","true","https://cdn.shopify.com/s/files/1/0965/0018/7434/files/WhatsApp_Image_2026-08-29_at_1.58.03_PM_2.jpg?v=1787992764","","unreviewed"
"10284597772586","THANK YOU + REVIEW CARD","https://www.ecosoftindia.in/products/thank-you-review-card","52428204605738","DESIGN 7 / 1000","","DESIGN 7","1000","","699.00","true","https://cdn.shopify.com/s/files/1/0965/0018/7434/files/WhatsApp_Image_2026-08-29_at_1.58.03_PM_2.jpg?v=1787992764","","unreviewed"
"10284597772586","THANK YOU + REVIEW CARD","https://www.ecosoftindia.in/products/thank-you-review-card","52428204638506","DESIGN 8 / 100","","DESIGN 8","100","","199.00","true","https://cdn.shopify.com/s/files/1/0965/0018/7434/files/WhatsApp_Image_2026-08-29_at_1.58.04_PM.jpg?v=1787992805","","unreviewed"
"10284597772586","THANK YOU + REVIEW CARD","https://www.ecosoftindia.in/products/thank-you-review-card","52428204671274","DESIGN 8 / 500","","DESIGN 8","500","","399.00","true","https://cdn.shopify.com/s/files/1/0965/0018/7434/files/WhatsApp_Image_2026-08-29_at_1.58.04_PM.jpg?v=1787992805","","unreviewed"
"10284597772586","THANK YOU + REVIEW CARD","https://www.ecosoftindia.in/products/thank-you-review-card","52428204704042","DESIGN 8 / 1000","","DESIGN 8","1000","","699.00","true","https://cdn.shopify.com/s/files/1/0965/0018/7434/files/WhatsApp_Image_2026-08-29_at_1.58.04_PM.jpg?v=1787992805","","unreviewed"
"10284597772586","THANK YOU + REVIEW CARD","https://www.ecosoftindia.in/products/thank-you-review-card","52428204736810","DESIGN 9 / 100","","DESIGN 9","100","","199.00","true","https://cdn.shopify.com/s/files/1/0965/0018/7434/files/WhatsApp_Image_2026-08-29_at_1.58.04_PM_1.jpg?v=1787992848","","unreviewed"
"10284597772586","THANK YOU + REVIEW CARD","https://www.ecosoftindia.in/products/thank-you-review-card","52428204769578","DESIGN 9 / 500","","DESIGN 9","500","","399.00","true","https://cdn.shopify.com/s/files/1/0965/0018/7434/files/WhatsApp_Image_2026-08-29_at_1.58.04_PM_1.jpg?v=1787992848","","unreviewed"
"10284597772586","THANK YOU + REVIEW CARD","https://www.ecosoftindia.in/products/thank-you-review-card","52428204802346","DESIGN 9 / 1000","","DESIGN 9","1000","","699.00","true","https://cdn.shopify.com/s/files/1/0965/0018/7434/files/WhatsApp_Image_2026-08-29_at_1.58.04_PM_1.jpg?v=1787992848","","unreviewed"
"10284597772586","THANK YOU + REVIEW CARD","https://www.ecosoftindia.in/products/thank-you-review-card","52428204835114","DESIGN 10 / 100","","DESIGN 10","100","","199.00","true","https://cdn.shopify.com/s/files/1/0965/0018/7434/files/WhatsApp_Image_2026-08-29_at_1.58.04_PM_2.jpg?v=1787992879","","unreviewed"
"10284597772586","THANK YOU + REVIEW CARD","https://www.ecosoftindia.in/products/thank-you-review-card","52428204867882","DESIGN 10 / 500","","DESIGN 10","500","","399.00","true","https://cdn.shopify.com/s/files/1/0965/0018/7434/files/WhatsApp_Image_2026-08-29_at_1.58.04_PM_2.jpg?v=1787992879","","unreviewed"
"10284597772586","THANK YOU + REVIEW CARD","https://www.ecosoftindia.in/products/thank-you-review-card","52428204900650","DESIGN 10 / 1000","","DESIGN 10","1000","","699.00","true","https://cdn.shopify.com/s/files/1/0965/0018/7434/files/WhatsApp_Image_2026-08-29_at_1.58.04_PM_2.jpg?v=1787992879","","unreviewed"
"10224436871466","DARK CYAN GREEN PAPER SHREDDED","https://www.ecosoftindia.in/products/dark-cyan-green-paper-shredded","52113167155498","5( 500 to 700 gm )","","5( 500 to 700 gm )","","","399.00","true","https://cdn.shopify.com/s/files/1/0965/0018/7434/files/WhatsAppImage2026-07-22at7.35.29PM.jpg?v=1784729145","","unreviewed"
"10224436871466","DARK CYAN GREEN PAPER SHREDDED","https://www.ecosoftindia.in/products/dark-cyan-green-paper-shredded","52113167188266","10 (1000gm to 1200 gm )","","10 (1000gm to 1200 gm )","","","649.00","true","https://cdn.shopify.com/s/files/1/0965/0018/7434/files/WhatsAppImage2026-07-22at7.35.29PM.jpg?v=1784729145","","unreviewed"
"10224425369898","LIGHT BLUE PAPER SHREDDED","https://www.ecosoftindia.in/products/light-blue-paper-shredded","52113148739882","5( 500 to 700 gm )","","5( 500 to 700 gm )","","","399.00","true","https://cdn.shopify.com/s/files/1/0965/0018/7434/files/WhatsAppImage2026-07-22at7.25.08PM.jpg?v=1784728660","","unreviewed"
"10224425369898","LIGHT BLUE PAPER SHREDDED","https://www.ecosoftindia.in/products/light-blue-paper-shredded","52113148772650","10 (1000gm to 1200 gm )","","10 (1000gm to 1200 gm )","","","649.00","true","https://cdn.shopify.com/s/files/1/0965/0018/7434/files/WhatsAppImage2026-07-22at7.25.08PM.jpg?v=1784728660","","unreviewed"
"10224423829802","GOLD PAPER SHREDDED","https://www.ecosoftindia.in/products/gold-paper-shredded","52113145463082","5( 500 to 700 gm )","","5( 500 to 700 gm )","","","399.00","true","https://cdn.shopify.com/s/files/1/0965/0018/7434/files/WhatsAppImage2026-07-22at7.21.09PM.jpg?v=1784728479","","unreviewed"
"10224423829802","GOLD PAPER SHREDDED","https://www.ecosoftindia.in/products/gold-paper-shredded","52113145495850","10 (1000gm to 1200 gm )","","10 (1000gm to 1200 gm )","","","649.00","true","https://cdn.shopify.com/s/files/1/0965/0018/7434/files/WhatsAppImage2026-07-22at7.21.09PM.jpg?v=1784728479","","unreviewed"
"10224423272746","YELLOW PAPER SHREDDED","https://www.ecosoftindia.in/products/yellow-paper-shredded","52113144348970","5( 500 to 700 gm )","","5( 500 to 700 gm )","","","399.00","true","https://cdn.shopify.com/s/files/1/0965/0018/7434/files/WhatsAppImage2026-07-22at7.19.37PM.jpg?v=1784728294","","unreviewed"
"10224423272746","YELLOW PAPER SHREDDED","https://www.ecosoftindia.in/products/yellow-paper-shredded","52113144381738","10 (1000gm to 1200 gm )","","10 (1000gm to 1200 gm )","","","649.00","true","https://cdn.shopify.com/s/files/1/0965/0018/7434/files/WhatsAppImage2026-07-22at7.19.37PM.jpg?v=1784728294","","unreviewed"
"10224421667114","LIGHT GREEN PAPER SHREDDED","https://www.ecosoftindia.in/products/light-green-paper-shredded","52113141301546","5( 500 to 700 gm )","","5( 500 to 700 gm )","","","399.00","true","https://cdn.shopify.com/s/files/1/0965/0018/7434/files/WhatsAppImage2026-07-22at7.16.39PM.jpg?v=1784728030","","unreviewed"
"10224421667114","LIGHT GREEN PAPER SHREDDED","https://www.ecosoftindia.in/products/light-green-paper-shredded","52113141334314","10 (1000gm to 1200 gm )","","10 (1000gm to 1200 gm )","","","649.00","true","https://cdn.shopify.com/s/files/1/0965/0018/7434/files/WhatsAppImage2026-07-22at7.16.39PM.jpg?v=1784728030","","unreviewed"
"10224420421930","GREEN PAPER SHREDDED","https://www.ecosoftindia.in/products/green-paper-shredded","52113139401002","5( 500 to 700 gm )","","5( 500 to 700 gm )","","","399.00","true","https://cdn.shopify.com/s/files/1/0965/0018/7434/files/WhatsAppImage2026-07-22at7.01.00PM.jpg?v=1784727139","","unreviewed"
"10224420421930","GREEN PAPER SHREDDED","https://www.ecosoftindia.in/products/green-paper-shredded","52113139433770","10 (1000gm to 1200 gm )","","10 (1000gm to 1200 gm )","","","649.00","true","https://cdn.shopify.com/s/files/1/0965/0018/7434/files/WhatsAppImage2026-07-22at7.01.00PM.jpg?v=1784727139","","unreviewed"
"10223481356586","BLUE PAPER SHREDDED","https://www.ecosoftindia.in/products/blue-paper-shredded","52108161679658","5( 500 to 700 gm  )","","5( 500 to 700 gm  )","","","399.00","true","https://cdn.shopify.com/s/files/1/0965/0018/7434/files/WhatsAppImage2026-07-21at6.17.02PM.jpg?v=1784638047","","unreviewed"
"10223481356586","BLUE PAPER SHREDDED","https://www.ecosoftindia.in/products/blue-paper-shredded","52108161712426","10 (1000gm to 1200 gm  )","","10 (1000gm to 1200 gm  )","","","649.00","true","https://cdn.shopify.com/s/files/1/0965/0018/7434/files/WhatsAppImage2026-07-21at6.17.02PM.jpg?v=1784638047","","unreviewed"
"10223473983786","ORANGE PAPER SHREDDED","https://www.ecosoftindia.in/products/orange-paper-shredded","52108152340778","5( 500 to 700 gm  )","","5( 500 to 700 gm  )","","","399.00","true","https://cdn.shopify.com/s/files/1/0965/0018/7434/files/WhatsAppImage2026-07-21at5.49.30PM.jpg?v=1784636499","","unreviewed"
"10223473983786","ORANGE PAPER SHREDDED","https://www.ecosoftindia.in/products/orange-paper-shredded","52108152373546","10 (1000gm to 1200 gm  )","","10 (1000gm to 1200 gm  )","","","649.00","true","https://cdn.shopify.com/s/files/1/0965/0018/7434/files/WhatsAppImage2026-07-21at5.49.30PM.jpg?v=1784636499","","unreviewed"
"10180190863658","Fragile Tape 2 inch 130 mtr","https://www.ecosoftindia.in/products/fragile-tape-2-inch-130-mtr","51821833421098","1","","1","","","198.00","true","https://cdn.shopify.com/s/files/1/0965/0018/7434/files/WhatsAppImage2026-06-20at12.04.43PM.jpg?v=1781937366","","unreviewed"
"10180190863658","Fragile Tape 2 inch 130 mtr","https://www.ecosoftindia.in/products/fragile-tape-2-inch-130-mtr","51821833453866","3","","3","","","455.00","true","https://cdn.shopify.com/s/files/1/0965/0018/7434/files/WhatsAppImage2026-06-20at12.04.43PM.jpg?v=1781937366","","unreviewed"
"10180190863658","Fragile Tape 2 inch 130 mtr","https://www.ecosoftindia.in/products/fragile-tape-2-inch-130-mtr","51821833486634","6","","6","","","880.00","true","https://cdn.shopify.com/s/files/1/0965/0018/7434/files/WhatsAppImage2026-06-20at12.04.43PM.jpg?v=1781937366","","unreviewed"
"10180190863658","Fragile Tape 2 inch 130 mtr","https://www.ecosoftindia.in/products/fragile-tape-2-inch-130-mtr","51821833519402","12","","12","","","1690.00","true","https://cdn.shopify.com/s/files/1/0965/0018/7434/files/WhatsAppImage2026-06-20at12.04.43PM.jpg?v=1781937366","","unreviewed"
"10113257832746","White Flap Boxes Corrugated Packaging Boxes in 3 ply Virgin Kraft","https://www.ecosoftindia.in/products/white-flap-boxes-corrugated-packaging-boxes-in-3-ply-virgin-kraft","51923930186026","4x3x1 / 25","","4x3x1","25","","299.00","true","https://cdn.shopify.com/s/files/1/0965/0018/7434/files/WhatsApp_Image_2026-07-02_at_12.49.05_PM.jpg?v=1782976777","","unreviewed"
"10113257832746","White Flap Boxes Corrugated Packaging Boxes in 3 ply Virgin Kraft","https://www.ecosoftindia.in/products/white-flap-boxes-corrugated-packaging-boxes-in-3-ply-virgin-kraft","51923930218794","4x3x1 / 50","","4x3x1","50","","399.00","true","https://cdn.shopify.com/s/files/1/0965/0018/7434/files/WhatsApp_Image_2026-07-02_at_12.49.05_PM.jpg?v=1782976777","","unreviewed"
"10113257832746","White Flap Boxes Corrugated Packaging Boxes in 3 ply Virgin Kraft","https://www.ecosoftindia.in/products/white-flap-boxes-corrugated-packaging-boxes-in-3-ply-virgin-kraft","51923930251562","4x3x1 / 100","","4x3x1","100","","649.00","true","https://cdn.shopify.com/s/files/1/0965/0018/7434/files/WhatsApp_Image_2026-07-02_at_12.49.05_PM.jpg?v=1782976777","","unreviewed"
"10113257832746","White Flap Boxes Corrugated Packaging Boxes in 3 ply Virgin Kraft","https://www.ecosoftindia.in/products/white-flap-boxes-corrugated-packaging-boxes-in-3-ply-virgin-kraft","51923930284330","4x3x1 / 500","","4x3x1","500","","2999.00","true","https://cdn.shopify.com/s/files/1/0965/0018/7434/files/WhatsApp_Image_2026-07-02_at_12.49.05_PM.jpg?v=1782976777","","unreviewed"
"10113257832746","White Flap Boxes Corrugated Packaging Boxes in 3 ply Virgin Kraft","https://www.ecosoftindia.in/products/white-flap-boxes-corrugated-packaging-boxes-in-3-ply-virgin-kraft","51491187130666","4X4X1.5 / 25","","4X4X1.5","25","","349.00","true","https://cdn.shopify.com/s/files/1/0965/0018/7434/files/WhatsApp_Image_2026-05-08_at_7.02.49_PM.jpg?v=1778247238","","unreviewed"
"10113257832746","White Flap Boxes Corrugated Packaging Boxes in 3 ply Virgin Kraft","https://www.ecosoftindia.in/products/white-flap-boxes-corrugated-packaging-boxes-in-3-ply-virgin-kraft","51491187163434","4X4X1.5 / 50","","4X4X1.5","50","","500.00","true","https://cdn.shopify.com/s/files/1/0965/0018/7434/files/WhatsApp_Image_2026-05-08_at_7.02.49_PM.jpg?v=1778247238","","unreviewed"
"10113257832746","White Flap Boxes Corrugated Packaging Boxes in 3 ply Virgin Kraft","https://www.ecosoftindia.in/products/white-flap-boxes-corrugated-packaging-boxes-in-3-ply-virgin-kraft","51491187196202","4X4X1.5 / 100","","4X4X1.5","100","","849.00","true","https://cdn.shopify.com/s/files/1/0965/0018/7434/files/WhatsApp_Image_2026-05-08_at_7.02.49_PM.jpg?v=1778247238","","unreviewed"
"10113257832746","White Flap Boxes Corrugated Packaging Boxes in 3 ply Virgin Kraft","https://www.ecosoftindia.in/products/white-flap-boxes-corrugated-packaging-boxes-in-3-ply-virgin-kraft","51491187228970","4X4X1.5 / 500","","4X4X1.5","500","","3999.00","true","https://cdn.shopify.com/s/files/1/0965/0018/7434/files/WhatsApp_Image_2026-05-08_at_7.02.49_PM.jpg?v=1778247238","","unreviewed"
"10113257832746","White Flap Boxes Corrugated Packaging Boxes in 3 ply Virgin Kraft","https://www.ecosoftindia.in/products/white-flap-boxes-corrugated-packaging-boxes-in-3-ply-virgin-kraft","51491187261738","6X4X2 / 25","","6X4X2","25","","350.00","true","https://cdn.shopify.com/s/files/1/0965/0018/7434/files/WhatsApp_Image_2026-05-08_at_6.59.30_PM.jpg?v=1778247106","","unreviewed"
"10113257832746","White Flap Boxes Corrugated Packaging Boxes in 3 ply Virgin Kraft","https://www.ecosoftindia.in/products/white-flap-boxes-corrugated-packaging-boxes-in-3-ply-virgin-kraft","51491187294506","6X4X2 / 50","","6X4X2","50","","649.00","true","https://cdn.shopify.com/s/files/1/0965/0018/7434/files/WhatsApp_Image_2026-05-08_at_6.59.30_PM.jpg?v=1778247106","","unreviewed"
"10113257832746","White Flap Boxes Corrugated Packaging Boxes in 3 ply Virgin Kraft","https://www.ecosoftindia.in/products/white-flap-boxes-corrugated-packaging-boxes-in-3-ply-virgin-kraft","51491187327274","6X4X2 / 100","","6X4X2","100","","999.00","true","https://cdn.shopify.com/s/files/1/0965/0018/7434/files/WhatsApp_Image_2026-05-08_at_6.59.30_PM.jpg?v=1778247106","","unreviewed"
"10113257832746","White Flap Boxes Corrugated Packaging Boxes in 3 ply Virgin Kraft","https://www.ecosoftindia.in/products/white-flap-boxes-corrugated-packaging-boxes-in-3-ply-virgin-kraft","51491187360042","6X4X2 / 500","","6X4X2","500","","4499.00","true","https://cdn.shopify.com/s/files/1/0965/0018/7434/files/WhatsApp_Image_2026-05-08_at_6.59.30_PM.jpg?v=1778247106","","unreviewed"
"10113257832746","White Flap Boxes Corrugated Packaging Boxes in 3 ply Virgin Kraft","https://www.ecosoftindia.in/products/white-flap-boxes-corrugated-packaging-boxes-in-3-ply-virgin-kraft","52099823665450","9.75x9.75x2 / 25","","9.75x9.75x2","25","","799.00","true","https://cdn.shopify.com/s/files/1/0965/0018/7434/files/WhatsApp_Image_2026-08-05_at_4.44.00_PM.jpg?v=1785928518","","unreviewed"
"10113257832746","White Flap Boxes Corrugated Packaging Boxes in 3 ply Virgin Kraft","https://www.ecosoftindia.in/products/white-flap-boxes-corrugated-packaging-boxes-in-3-ply-virgin-kraft","52099823698218","9.75x9.75x2 / 50","","9.75x9.75x2","50","","1299.00","true","https://cdn.shopify.com/s/files/1/0965/0018/7434/files/WhatsApp_Image_2026-08-05_at_4.44.00_PM.jpg?v=1785928518","","unreviewed"
"10113257832746","White Flap Boxes Corrugated Packaging Boxes in 3 ply Virgin Kraft","https://www.ecosoftindia.in/products/white-flap-boxes-corrugated-packaging-boxes-in-3-ply-virgin-kraft","52099823730986","9.75x9.75x2 / 100","","9.75x9.75x2","100","","2499.00","true","https://cdn.shopify.com/s/files/1/0965/0018/7434/files/WhatsApp_Image_2026-08-05_at_4.44.00_PM.jpg?v=1785928518","","unreviewed"
"10113257832746","White Flap Boxes Corrugated Packaging Boxes in 3 ply Virgin Kraft","https://www.ecosoftindia.in/products/white-flap-boxes-corrugated-packaging-boxes-in-3-ply-virgin-kraft","52099823763754","9.75x9.75x2 / 500","","9.75x9.75x2","500","","9999.00","true","https://cdn.shopify.com/s/files/1/0965/0018/7434/files/WhatsApp_Image_2026-08-05_at_4.44.00_PM.jpg?v=1785928518","","unreviewed"
"10113257832746","White Flap Boxes Corrugated Packaging Boxes in 3 ply Virgin Kraft","https://www.ecosoftindia.in/products/white-flap-boxes-corrugated-packaging-boxes-in-3-ply-virgin-kraft","52171688935722","7x7x2 / 25","","7x7x2","25","","499.00","true","https://cdn.shopify.com/s/files/1/0965/0018/7434/files/WhatsApp_Image_2026-08-05_at_4.43.59_PM.jpg?v=1785928547","","unreviewed"
"10113257832746","White Flap Boxes Corrugated Packaging Boxes in 3 ply Virgin Kraft","https://www.ecosoftindia.in/products/white-flap-boxes-corrugated-packaging-boxes-in-3-ply-virgin-kraft","52171688968490","7x7x2 / 50","","7x7x2","50","","899.00","true","https://cdn.shopify.com/s/files/1/0965/0018/7434/files/WhatsApp_Image_2026-08-05_at_4.43.59_PM.jpg?v=1785928547","","unreviewed"
"10113257832746","White Flap Boxes Corrugated Packaging Boxes in 3 ply Virgin Kraft","https://www.ecosoftindia.in/products/white-flap-boxes-corrugated-packaging-boxes-in-3-ply-virgin-kraft","52171689001258","7x7x2 / 100","","7x7x2","100","","1699.00","true","https://cdn.shopify.com/s/files/1/0965/0018/7434/files/WhatsApp_Image_2026-08-05_at_4.43.59_PM.jpg?v=1785928547","","unreviewed"
"10113257832746","White Flap Boxes Corrugated Packaging Boxes in 3 ply Virgin Kraft","https://www.ecosoftindia.in/products/white-flap-boxes-corrugated-packaging-boxes-in-3-ply-virgin-kraft","52171689034026","7x7x2 / 500","","7x7x2","500","","7999.00","true","https://cdn.shopify.com/s/files/1/0965/0018/7434/files/WhatsApp_Image_2026-08-05_at_4.43.59_PM.jpg?v=1785928547","","unreviewed"
"10113257832746","White Flap Boxes Corrugated Packaging Boxes in 3 ply Virgin Kraft","https://www.ecosoftindia.in/products/white-flap-boxes-corrugated-packaging-boxes-in-3-ply-virgin-kraft","52171689066794","8x4x2 / 25","","8x4x2","25","","449.00","true","https://cdn.shopify.com/s/files/1/0965/0018/7434/files/WhatsApp_Image_2026-08-05_at_4.43.59_PM_1.jpg?v=1785928581","","unreviewed"
"10113257832746","White Flap Boxes Corrugated Packaging Boxes in 3 ply Virgin Kraft","https://www.ecosoftindia.in/products/white-flap-boxes-corrugated-packaging-boxes-in-3-ply-virgin-kraft","52171689099562","8x4x2 / 50","","8x4x2","50","","799.00","true","https://cdn.shopify.com/s/files/1/0965/0018/7434/files/WhatsApp_Image_2026-08-05_at_4.43.59_PM_1.jpg?v=1785928581","","unreviewed"
"10113257832746","White Flap Boxes Corrugated Packaging Boxes in 3 ply Virgin Kraft","https://www.ecosoftindia.in/products/white-flap-boxes-corrugated-packaging-boxes-in-3-ply-virgin-kraft","52171689132330","8x4x2 / 100","","8x4x2","100","","1299.00","true","https://cdn.shopify.com/s/files/1/0965/0018/7434/files/WhatsApp_Image_2026-08-05_at_4.43.59_PM_1.jpg?v=1785928581","","unreviewed"
"10113257832746","White Flap Boxes Corrugated Packaging Boxes in 3 ply Virgin Kraft","https://www.ecosoftindia.in/products/white-flap-boxes-corrugated-packaging-boxes-in-3-ply-virgin-kraft","52171689165098","8x4x2 / 500","","8x4x2","500","","5999.00","true","https://cdn.shopify.com/s/files/1/0965/0018/7434/files/WhatsApp_Image_2026-08-05_at_4.43.59_PM_1.jpg?v=1785928581","","unreviewed"
"10105213452586","Brown Plain Tamper Proof  Courier Bag with Pocket","https://www.ecosoftindia.in/products/brown-plain-tamper-proof-courier-bag-with-pocket","51461567512874","6x8 / 100","","6x8","100","","249.00","true","https://cdn.shopify.com/s/files/1/0965/0018/7434/files/WhatsAppImage2026-04-24at7.59.59PM.jpg?v=1777041027","","unreviewed"
"10105213452586","Brown Plain Tamper Proof  Courier Bag with Pocket","https://www.ecosoftindia.in/products/brown-plain-tamper-proof-courier-bag-with-pocket","51461567545642","6x8 / 500","","6x8","500","","999.00","true","https://cdn.shopify.com/s/files/1/0965/0018/7434/files/WhatsAppImage2026-04-24at7.59.59PM.jpg?v=1777041027","","unreviewed"
"10105213452586","Brown Plain Tamper Proof  Courier Bag with Pocket","https://www.ecosoftindia.in/products/brown-plain-tamper-proof-courier-bag-with-pocket","51461567578410","8x10 / 100","","8x10","100","","399.00","true","https://cdn.shopify.com/s/files/1/0965/0018/7434/files/WhatsAppImage2026-04-24at7.59.59PM.jpg?v=1777041027","","unreviewed"
"10105213452586","Brown Plain Tamper Proof  Courier Bag with Pocket","https://www.ecosoftindia.in/products/brown-plain-tamper-proof-courier-bag-with-pocket","51461567611178","8x10 / 500","","8x10","500","","1799.00","true","https://cdn.shopify.com/s/files/1/0965/0018/7434/files/WhatsAppImage2026-04-24at7.59.59PM.jpg?v=1777041027","","unreviewed"
"10105213452586","Brown Plain Tamper Proof  Courier Bag with Pocket","https://www.ecosoftindia.in/products/brown-plain-tamper-proof-courier-bag-with-pocket","51461567643946","10x14 / 100","","10x14","100","","549.00","true","https://cdn.shopify.com/s/files/1/0965/0018/7434/files/WhatsAppImage2026-04-24at7.59.59PM.jpg?v=1777041027","","unreviewed"
"10105213452586","Brown Plain Tamper Proof  Courier Bag with Pocket","https://www.ecosoftindia.in/products/brown-plain-tamper-proof-courier-bag-with-pocket","51461567676714","10x14 / 500","","10x14","500","","2499.00","true","https://cdn.shopify.com/s/files/1/0965/0018/7434/files/WhatsAppImage2026-04-24at7.59.59PM.jpg?v=1777041027","","unreviewed"
"10105213452586","Brown Plain Tamper Proof  Courier Bag with Pocket","https://www.ecosoftindia.in/products/brown-plain-tamper-proof-courier-bag-with-pocket","51461567709482","12x16 / 100","","12x16","100","","649.00","true","https://cdn.shopify.com/s/files/1/0965/0018/7434/files/WhatsAppImage2026-04-24at7.59.59PM.jpg?v=1777041027","","unreviewed"
"10105213452586","Brown Plain Tamper Proof  Courier Bag with Pocket","https://www.ecosoftindia.in/products/brown-plain-tamper-proof-courier-bag-with-pocket","51461567742250","12x16 / 500","","12x16","500","","2899.00","true","https://cdn.shopify.com/s/files/1/0965/0018/7434/files/WhatsAppImage2026-04-24at7.59.59PM.jpg?v=1777041027","","unreviewed"
"10099120341290","WHITE PAPER SHREDDED","https://www.ecosoftindia.in/products/paper-shredded-white","51436796084522","5( 500 to 700 gm  ) / White","","5( 500 to 700 gm  )","White","","299.00","true","https://cdn.shopify.com/s/files/1/0965/0018/7434/files/WhatsAppImage2026-04-17at3.46.41PM.jpg?v=1776421021","","unreviewed"
"10099120341290","WHITE PAPER SHREDDED","https://www.ecosoftindia.in/products/paper-shredded-white","51436796117290","10 (1000gm to 12000 gm  ) / White","","10 (1000gm to 12000 gm  )","White","","499.00","true","https://cdn.shopify.com/s/files/1/0965/0018/7434/files/WhatsAppImage2026-04-17at3.46.41PM.jpg?v=1776421021","","unreviewed"
"10099075776810","THANK YOU STICKER","https://www.ecosoftindia.in/products/thank-you-sticker","51436684312874","300","","300","","","299.00","false","https://cdn.shopify.com/s/files/1/0965/0018/7434/files/WhatsAppImage2026-04-17at2.26.02PM.jpg?v=1776416185","","unreviewed"
"10099075776810","THANK YOU STICKER","https://www.ecosoftindia.in/products/thank-you-sticker","51436684345642","600","","600","","","499.00","false","https://cdn.shopify.com/s/files/1/0965/0018/7434/files/WhatsAppImage2026-04-17at2.26.02PM.jpg?v=1776416185","","unreviewed"
"10027722211626","Meesho non transparent POD with pocket ( 100% barcode working )","https://www.ecosoftindia.in/products/meesho-non-transparent-pod-with-pocket-100-barcode-working","52161193738538","6X8 / 00","","6X8","00","","259.00","false","https://cdn.shopify.com/s/files/1/0965/0018/7434/files/WhatsAppImage2026-01-29at8.03.54PM_1.jpg?v=1769697267","","unreviewed"
"10027722211626","Meesho non transparent POD with pocket ( 100% barcode working )","https://www.ecosoftindia.in/products/meesho-non-transparent-pod-with-pocket-100-barcode-working","51095779311914","6X8 / 000","","6X8","000","","289.00","false","https://cdn.shopify.com/s/files/1/0965/0018/7434/files/WhatsAppImage2026-01-29at8.03.54PM_1.jpg?v=1769697267","","unreviewed"
"10027722211626","Meesho non transparent POD with pocket ( 100% barcode working )","https://www.ecosoftindia.in/products/meesho-non-transparent-pod-with-pocket-100-barcode-working","51095779344682","6X8 / 0","","6X8","0","","999.00","true","https://cdn.shopify.com/s/files/1/0965/0018/7434/files/WhatsAppImage2026-01-29at8.03.54PM_1.jpg?v=1769697267","","unreviewed"
"10027722211626","Meesho non transparent POD with pocket ( 100% barcode working )","https://www.ecosoftindia.in/products/meesho-non-transparent-pod-with-pocket-100-barcode-working","52161193771306","8X10 / 00","","8X10","00","","259.00","false","https://cdn.shopify.com/s/files/1/0965/0018/7434/files/WhatsAppImage2026-01-29at8.03.54PM_1.jpg?v=1769697267","","unreviewed"
"10027722211626","Meesho non transparent POD with pocket ( 100% barcode working )","https://www.ecosoftindia.in/products/meesho-non-transparent-pod-with-pocket-100-barcode-working","51095779377450","8X10 / 000","","8X10","000","","399.00","false","https://cdn.shopify.com/s/files/1/0965/0018/7434/files/WhatsAppImage2026-01-29at8.03.54PM_1.jpg?v=1769697267","","unreviewed"
"10027722211626","Meesho non transparent POD with pocket ( 100% barcode working )","https://www.ecosoftindia.in/products/meesho-non-transparent-pod-with-pocket-100-barcode-working","51095779410218","8X10 / 0","","8X10","0","","1249.00","false","https://cdn.shopify.com/s/files/1/0965/0018/7434/files/WhatsAppImage2026-01-29at8.03.54PM_1.jpg?v=1769697267","","unreviewed"
"10027722211626","Meesho non transparent POD with pocket ( 100% barcode working )","https://www.ecosoftindia.in/products/meesho-non-transparent-pod-with-pocket-100-barcode-working","52161193804074","10X12 / 00","","10X12","00","","299.00","true","https://cdn.shopify.com/s/files/1/0965/0018/7434/files/WhatsAppImage2026-01-29at8.03.54PM_1.jpg?v=1769697267","","unreviewed"
"10027722211626","Meesho non transparent POD with pocket ( 100% barcode working )","https://www.ecosoftindia.in/products/meesho-non-transparent-pod-with-pocket-100-barcode-working","51095779442986","10X12 / 000","","10X12","000","","499.00","true","https://cdn.shopify.com/s/files/1/0965/0018/7434/files/WhatsAppImage2026-01-29at8.03.54PM_1.jpg?v=1769697267","","unreviewed"
"10027722211626","Meesho non transparent POD with pocket ( 100% barcode working )","https://www.ecosoftindia.in/products/meesho-non-transparent-pod-with-pocket-100-barcode-working","51095779475754","10X12 / 0","","10X12","0","","1649.00","true","https://cdn.shopify.com/s/files/1/0965/0018/7434/files/WhatsAppImage2026-01-29at8.03.54PM_1.jpg?v=1769697267","","unreviewed"
"10027722211626","Meesho non transparent POD with pocket ( 100% barcode working )","https://www.ecosoftindia.in/products/meesho-non-transparent-pod-with-pocket-100-barcode-working","52161193836842","10X14 / 00","","10X14","00","","329.00","false","https://cdn.shopify.com/s/files/1/0965/0018/7434/files/WhatsAppImage2026-01-29at8.03.54PM_1.jpg?v=1769697267","","unreviewed"
"10027722211626","Meesho non transparent POD with pocket ( 100% barcode working )","https://www.ecosoftindia.in/products/meesho-non-transparent-pod-with-pocket-100-barcode-working","51095779508522","10X14 / 000","","10X14","000","","549.00","false","https://cdn.shopify.com/s/files/1/0965/0018/7434/files/WhatsAppImage2026-01-29at8.03.54PM_1.jpg?v=1769697267","","unreviewed"
"10027722211626","Meesho non transparent POD with pocket ( 100% barcode working )","https://www.ecosoftindia.in/products/meesho-non-transparent-pod-with-pocket-100-barcode-working","51095779541290","10X14 / 0","","10X14","0","","1889.00","false","https://cdn.shopify.com/s/files/1/0965/0018/7434/files/WhatsAppImage2026-01-29at8.03.54PM_1.jpg?v=1769697267","","unreviewed"
"10027722211626","Meesho non transparent POD with pocket ( 100% barcode working )","https://www.ecosoftindia.in/products/meesho-non-transparent-pod-with-pocket-100-barcode-working","52161193869610","12X16 / 00","","12X16","00","","399.00","false","https://cdn.shopify.com/s/files/1/0965/0018/7434/files/WhatsAppImage2026-01-29at8.03.54PM_1.jpg?v=1769697267","","unreviewed"
"10027722211626","Meesho non transparent POD with pocket ( 100% barcode working )","https://www.ecosoftindia.in/products/meesho-non-transparent-pod-with-pocket-100-barcode-working","51095779574058","12X16 / 000","","12X16","000","","649.00","false","https://cdn.shopify.com/s/files/1/0965/0018/7434/files/WhatsAppImage2026-01-29at8.03.54PM_1.jpg?v=1769697267","","unreviewed"
"10027722211626","Meesho non transparent POD with pocket ( 100% barcode working )","https://www.ecosoftindia.in/products/meesho-non-transparent-pod-with-pocket-100-barcode-working","51095779606826","12X16 / 0","","12X16","0","","2449.00","false","https://cdn.shopify.com/s/files/1/0965/0018/7434/files/WhatsAppImage2026-01-29at8.03.54PM_1.jpg?v=1769697267","","unreviewed"
"10027722211626","Meesho non transparent POD with pocket ( 100% barcode working )","https://www.ecosoftindia.in/products/meesho-non-transparent-pod-with-pocket-100-barcode-working","52161193902378","14X18 / 00","","14X18","00","","499.00","false","https://cdn.shopify.com/s/files/1/0965/0018/7434/files/WhatsAppImage2026-01-29at8.03.54PM_1.jpg?v=1769697267","","unreviewed"
"10027722211626","Meesho non transparent POD with pocket ( 100% barcode working )","https://www.ecosoftindia.in/products/meesho-non-transparent-pod-with-pocket-100-barcode-working","51095779639594","14X18 / 000","","14X18","000","","849.00","false","https://cdn.shopify.com/s/files/1/0965/0018/7434/files/WhatsAppImage2026-01-29at8.03.54PM_1.jpg?v=1769697267","","unreviewed"
"10027722211626","Meesho non transparent POD with pocket ( 100% barcode working )","https://www.ecosoftindia.in/products/meesho-non-transparent-pod-with-pocket-100-barcode-working","51095779672362","14X18 / 0","","14X18","0","","2999.00","false","https://cdn.shopify.com/s/files/1/0965/0018/7434/files/WhatsAppImage2026-01-29at8.03.54PM_1.jpg?v=1769697267","","unreviewed"
"10027722211626","Meesho non transparent POD with pocket ( 100% barcode working )","https://www.ecosoftindia.in/products/meesho-non-transparent-pod-with-pocket-100-barcode-working","52161193935146","16x20 / 00","","16x20","00","","499.00","false","https://cdn.shopify.com/s/files/1/0965/0018/7434/files/WhatsAppImage2026-01-29at8.03.54PM_1.jpg?v=1769697267","","unreviewed"
"10027722211626","Meesho non transparent POD with pocket ( 100% barcode working )","https://www.ecosoftindia.in/products/meesho-non-transparent-pod-with-pocket-100-barcode-working","52161179812138","16x20 / 000","","16x20","000","","949.00","false","https://cdn.shopify.com/s/files/1/0965/0018/7434/files/WhatsAppImage2026-01-29at8.03.54PM_1.jpg?v=1769697267","","unreviewed"
"10027722211626","Meesho non transparent POD with pocket ( 100% barcode working )","https://www.ecosoftindia.in/products/meesho-non-transparent-pod-with-pocket-100-barcode-working","52161179844906","16x20 / 0","","16x20","0","","3999.00","false","https://cdn.shopify.com/s/files/1/0965/0018/7434/files/WhatsAppImage2026-01-29at8.03.54PM_1.jpg?v=1769697267","","unreviewed"
"10027722211626","Meesho non transparent POD with pocket ( 100% barcode working )","https://www.ecosoftindia.in/products/meesho-non-transparent-pod-with-pocket-100-barcode-working","52161193967914","18x22 / 00","","18x22","00","","599.00","true","https://cdn.shopify.com/s/files/1/0965/0018/7434/files/WhatsAppImage2026-01-29at8.03.54PM_1.jpg?v=1769697267","","unreviewed"
"10027722211626","Meesho non transparent POD with pocket ( 100% barcode working )","https://www.ecosoftindia.in/products/meesho-non-transparent-pod-with-pocket-100-barcode-working","52161179877674","18x22 / 000","","18x22","000","","1099.00","true","https://cdn.shopify.com/s/files/1/0965/0018/7434/files/WhatsAppImage2026-01-29at8.03.54PM_1.jpg?v=1769697267","","unreviewed"
"10027722211626","Meesho non transparent POD with pocket ( 100% barcode working )","https://www.ecosoftindia.in/products/meesho-non-transparent-pod-with-pocket-100-barcode-working","52161179910442","18x22 / 0","","18x22","0","","4999.00","true","https://cdn.shopify.com/s/files/1/0965/0018/7434/files/WhatsAppImage2026-01-29at8.03.54PM_1.jpg?v=1769697267","","unreviewed"
"10027718443306","Meesho Transparent  POD with pocket ( 100% barcode working )","https://www.ecosoftindia.in/products/meesho-transparent-pod-with-pocket-100-barcode-working","51095767515434","6x8 / 100","","6x8","100","","259.00","true","https://cdn.shopify.com/s/files/1/0965/0018/7434/files/WhatsAppImage2026-01-29at7.58.17PM.jpg?v=1769696927","","unreviewed"
"10027718443306","Meesho Transparent  POD with pocket ( 100% barcode working )","https://www.ecosoftindia.in/products/meesho-transparent-pod-with-pocket-100-barcode-working","51095767548202","6x8 / 500","","6x8","500","","899.00","true","https://cdn.shopify.com/s/files/1/0965/0018/7434/files/WhatsAppImage2026-01-29at7.58.17PM.jpg?v=1769696927","","unreviewed"
"10027718443306","Meesho Transparent  POD with pocket ( 100% barcode working )","https://www.ecosoftindia.in/products/meesho-transparent-pod-with-pocket-100-barcode-working","51095767580970","8x10 / 100","","8x10","100","","399.00","true","https://cdn.shopify.com/s/files/1/0965/0018/7434/files/WhatsAppImage2026-01-29at7.58.17PM.jpg?v=1769696927","","unreviewed"
"10027718443306","Meesho Transparent  POD with pocket ( 100% barcode working )","https://www.ecosoftindia.in/products/meesho-transparent-pod-with-pocket-100-barcode-working","51095767613738","8x10 / 500","","8x10","500","","1199.00","true","https://cdn.shopify.com/s/files/1/0965/0018/7434/files/WhatsAppImage2026-01-29at7.58.17PM.jpg?v=1769696927","","unreviewed"
"10027718443306","Meesho Transparent  POD with pocket ( 100% barcode working )","https://www.ecosoftindia.in/products/meesho-transparent-pod-with-pocket-100-barcode-working","51095767646506","10x12 / 100","","10x12","100","","499.00","true","https://cdn.shopify.com/s/files/1/0965/0018/7434/files/WhatsAppImage2026-01-29at7.58.17PM.jpg?v=1769696927","","unreviewed"
"10027718443306","Meesho Transparent  POD with pocket ( 100% barcode working )","https://www.ecosoftindia.in/products/meesho-transparent-pod-with-pocket-100-barcode-working","51095767679274","10x12 / 500","","10x12","500","","1649.00","true","https://cdn.shopify.com/s/files/1/0965/0018/7434/files/WhatsAppImage2026-01-29at7.58.17PM.jpg?v=1769696927","","unreviewed"
"10027718443306","Meesho Transparent  POD with pocket ( 100% barcode working )","https://www.ecosoftindia.in/products/meesho-transparent-pod-with-pocket-100-barcode-working","51095767712042","10x14 / 100","","10x14","100","","549.00","true","https://cdn.shopify.com/s/files/1/0965/0018/7434/files/WhatsAppImage2026-01-29at7.58.17PM.jpg?v=1769696927","","unreviewed"
"10027718443306","Meesho Transparent  POD with pocket ( 100% barcode working )","https://www.ecosoftindia.in/products/meesho-transparent-pod-with-pocket-100-barcode-working","51095767744810","10x14 / 500","","10x14","500","","1889.00","true","https://cdn.shopify.com/s/files/1/0965/0018/7434/files/WhatsAppImage2026-01-29at7.58.17PM.jpg?v=1769696927","","unreviewed"
"10027718443306","Meesho Transparent  POD with pocket ( 100% barcode working )","https://www.ecosoftindia.in/products/meesho-transparent-pod-with-pocket-100-barcode-working","51095767777578","12x16 / 100","","12x16","100","","649.00","true","https://cdn.shopify.com/s/files/1/0965/0018/7434/files/WhatsAppImage2026-01-29at7.58.17PM.jpg?v=1769696927","","unreviewed"
"10027718443306","Meesho Transparent  POD with pocket ( 100% barcode working )","https://www.ecosoftindia.in/products/meesho-transparent-pod-with-pocket-100-barcode-working","51095767810346","12x16 / 500","","12x16","500","","2449.00","true","https://cdn.shopify.com/s/files/1/0965/0018/7434/files/WhatsAppImage2026-01-29at7.58.17PM.jpg?v=1769696927","","unreviewed"
"10027718443306","Meesho Transparent  POD with pocket ( 100% barcode working )","https://www.ecosoftindia.in/products/meesho-transparent-pod-with-pocket-100-barcode-working","51095767843114","14x18 / 100","","14x18","100","","849.00","true","https://cdn.shopify.com/s/files/1/0965/0018/7434/files/WhatsAppImage2026-01-29at7.58.17PM.jpg?v=1769696927","","unreviewed"
"10027718443306","Meesho Transparent  POD with pocket ( 100% barcode working )","https://www.ecosoftindia.in/products/meesho-transparent-pod-with-pocket-100-barcode-working","51095767875882","14x18 / 500","","14x18","500","","2999.00","true","https://cdn.shopify.com/s/files/1/0965/0018/7434/files/WhatsAppImage2026-01-29at7.58.17PM.jpg?v=1769696927","","unreviewed"
"10026112352554","Brown Flap Boxes Corrugated Packaging Boxes in 3 ply Virgin Kraft","https://www.ecosoftindia.in/products/jewellery-packaging-flap-boxes-4x4-x1-5-inches","51086933295402","4x4.x1.5 inches / 25","","4x4.x1.5 inches","25","","299.00","true","https://cdn.shopify.com/s/files/1/0965/0018/7434/files/WhatsAppImage2026-01-24at6.35.43PM_1.jpg?v=1769501645","","unreviewed"
"10026112352554","Brown Flap Boxes Corrugated Packaging Boxes in 3 ply Virgin Kraft","https://www.ecosoftindia.in/products/jewellery-packaging-flap-boxes-4x4-x1-5-inches","51133845438762","4x4.x1.5 inches / 50","","4x4.x1.5 inches","50","","399.00","true","https://cdn.shopify.com/s/files/1/0965/0018/7434/files/WhatsAppImage2026-01-24at6.35.43PM_1.jpg?v=1769501645","","unreviewed"
"10026112352554","Brown Flap Boxes Corrugated Packaging Boxes in 3 ply Virgin Kraft","https://www.ecosoftindia.in/products/jewellery-packaging-flap-boxes-4x4-x1-5-inches","51133845471530","4x4.x1.5 inches / 100","","4x4.x1.5 inches","100","","699.00","true","https://cdn.shopify.com/s/files/1/0965/0018/7434/files/WhatsAppImage2026-01-24at6.35.43PM_1.jpg?v=1769501645","","unreviewed"
"10026112352554","Brown Flap Boxes Corrugated Packaging Boxes in 3 ply Virgin Kraft","https://www.ecosoftindia.in/products/jewellery-packaging-flap-boxes-4x4-x1-5-inches","51133845504298","4x4.x1.5 inches / 500","","4x4.x1.5 inches","500","","3299.00","true","https://cdn.shopify.com/s/files/1/0965/0018/7434/files/WhatsAppImage2026-01-24at6.35.43PM_1.jpg?v=1769501645","","unreviewed"
"10026112352554","Brown Flap Boxes Corrugated Packaging Boxes in 3 ply Virgin Kraft","https://www.ecosoftindia.in/products/jewellery-packaging-flap-boxes-4x4-x1-5-inches","51133844390186","6X4X2  inches / 25","","6X4X2  inches","25","","350.00","true","https://cdn.shopify.com/s/files/1/0965/0018/7434/files/WhatsApp_Image_2026-02-09_at_12.41.10_PM.jpg?v=1770622664","","unreviewed"
"10026112352554","Brown Flap Boxes Corrugated Packaging Boxes in 3 ply Virgin Kraft","https://www.ecosoftindia.in/products/jewellery-packaging-flap-boxes-4x4-x1-5-inches","51133845537066","6X4X2  inches / 50","","6X4X2  inches","50","","499.00","true","https://cdn.shopify.com/s/files/1/0965/0018/7434/files/WhatsApp_Image_2026-02-09_at_12.41.10_PM.jpg?v=1770622664","","unreviewed"
"10026112352554","Brown Flap Boxes Corrugated Packaging Boxes in 3 ply Virgin Kraft","https://www.ecosoftindia.in/products/jewellery-packaging-flap-boxes-4x4-x1-5-inches","51133845569834","6X4X2  inches / 100","","6X4X2  inches","100","","849.00","true","https://cdn.shopify.com/s/files/1/0965/0018/7434/files/WhatsApp_Image_2026-02-09_at_12.41.10_PM.jpg?v=1770622664","","unreviewed"
"10026112352554","Brown Flap Boxes Corrugated Packaging Boxes in 3 ply Virgin Kraft","https://www.ecosoftindia.in/products/jewellery-packaging-flap-boxes-4x4-x1-5-inches","51133845602602","6X4X2  inches / 500","","6X4X2  inches","500","","4099.00","true","https://cdn.shopify.com/s/files/1/0965/0018/7434/files/WhatsApp_Image_2026-02-09_at_12.41.10_PM.jpg?v=1770622664","","unreviewed"
"10026112352554","Brown Flap Boxes Corrugated Packaging Boxes in 3 ply Virgin Kraft","https://www.ecosoftindia.in/products/jewellery-packaging-flap-boxes-4x4-x1-5-inches","51133844422954","9X6X2  inches / 00","","9X6X2  inches","00","","399.00","false","https://cdn.shopify.com/s/files/1/0965/0018/7434/files/WhatsApp_Image_2026-02-09_at_12.41.10_PM_1.jpg?v=1770622708","","unreviewed"
"10026112352554","Brown Flap Boxes Corrugated Packaging Boxes in 3 ply Virgin Kraft","https://www.ecosoftindia.in/products/jewellery-packaging-flap-boxes-4x4-x1-5-inches","51133845635370","9X6X2  inches / 50","","9X6X2  inches","50","","699.00","false","https://cdn.shopify.com/s/files/1/0965/0018/7434/files/WhatsApp_Image_2026-02-09_at_12.41.10_PM_1.jpg?v=1770622708","","unreviewed"
"10026112352554","Brown Flap Boxes Corrugated Packaging Boxes in 3 ply Virgin Kraft","https://www.ecosoftindia.in/products/jewellery-packaging-flap-boxes-4x4-x1-5-inches","51133845668138","9X6X2  inches / 100","","9X6X2  inches","100","","1299.00","false","https://cdn.shopify.com/s/files/1/0965/0018/7434/files/WhatsApp_Image_2026-02-09_at_12.41.10_PM_1.jpg?v=1770622708","","unreviewed"
"10026112352554","Brown Flap Boxes Corrugated Packaging Boxes in 3 ply Virgin Kraft","https://www.ecosoftindia.in/products/jewellery-packaging-flap-boxes-4x4-x1-5-inches","51133845700906","9X6X2  inches / 500","","9X6X2  inches","500","","5999.00","false","https://cdn.shopify.com/s/files/1/0965/0018/7434/files/WhatsApp_Image_2026-02-09_at_12.41.10_PM_1.jpg?v=1770622708","","unreviewed"
"10003043746090","yellow Plain Tamper Proof  Courier Bag with Pocket","https://www.ecosoftindia.in/products/yellow-plain-tamper-proof-courier-bag-with-pocket","51008842039594","6*8 / 100 / Free Delivery","","6*8","100","Free Delivery","249.00","true","https://cdn.shopify.com/s/files/1/0965/0018/7434/files/WhatsAppImage2025-12-31at4.40.29PM.jpg?v=1767179467","","unreviewed"
"10003043746090","yellow Plain Tamper Proof  Courier Bag with Pocket","https://www.ecosoftindia.in/products/yellow-plain-tamper-proof-courier-bag-with-pocket","51444827652394","6*8 / 500 / Free Delivery","","6*8","500","Free Delivery","749.00","true","https://cdn.shopify.com/s/files/1/0965/0018/7434/files/WhatsAppImage2025-12-31at4.40.29PM.jpg?v=1767179467","","unreviewed"
"10003043746090","yellow Plain Tamper Proof  Courier Bag with Pocket","https://www.ecosoftindia.in/products/yellow-plain-tamper-proof-courier-bag-with-pocket","51008842072362","8*10 / 100 / Free Delivery","","8*10","100","Free Delivery","399.00","true","https://cdn.shopify.com/s/files/1/0965/0018/7434/files/WhatsAppImage2025-12-31at4.40.29PM.jpg?v=1767179467","","unreviewed"
"10003043746090","yellow Plain Tamper Proof  Courier Bag with Pocket","https://www.ecosoftindia.in/products/yellow-plain-tamper-proof-courier-bag-with-pocket","51444827685162","8*10 / 500 / Free Delivery","","8*10","500","Free Delivery","1049.00","true","https://cdn.shopify.com/s/files/1/0965/0018/7434/files/WhatsAppImage2025-12-31at4.40.29PM.jpg?v=1767179467","","unreviewed"
"10003043746090","yellow Plain Tamper Proof  Courier Bag with Pocket","https://www.ecosoftindia.in/products/yellow-plain-tamper-proof-courier-bag-with-pocket","51008842105130","10*14 / 100 / Free Delivery","","10*14","100","Free Delivery","549.00","true","https://cdn.shopify.com/s/files/1/0965/0018/7434/files/WhatsAppImage2025-12-31at4.40.29PM.jpg?v=1767179467","","unreviewed"
"10003043746090","yellow Plain Tamper Proof  Courier Bag with Pocket","https://www.ecosoftindia.in/products/yellow-plain-tamper-proof-courier-bag-with-pocket","51444827717930","10*14 / 500 / Free Delivery","","10*14","500","Free Delivery","1749.00","true","https://cdn.shopify.com/s/files/1/0965/0018/7434/files/WhatsAppImage2025-12-31at4.40.29PM.jpg?v=1767179467","","unreviewed"
"10003043746090","yellow Plain Tamper Proof  Courier Bag with Pocket","https://www.ecosoftindia.in/products/yellow-plain-tamper-proof-courier-bag-with-pocket","51008842137898","12*16 / 100 / Free Delivery","","12*16","100","Free Delivery","649.00","true","https://cdn.shopify.com/s/files/1/0965/0018/7434/files/WhatsAppImage2025-12-31at4.40.29PM.jpg?v=1767179467","","unreviewed"
"10003043746090","yellow Plain Tamper Proof  Courier Bag with Pocket","https://www.ecosoftindia.in/products/yellow-plain-tamper-proof-courier-bag-with-pocket","51444827750698","12*16 / 500 / Free Delivery","","12*16","500","Free Delivery","2149.00","true","https://cdn.shopify.com/s/files/1/0965/0018/7434/files/WhatsAppImage2025-12-31at4.40.29PM.jpg?v=1767179467","","unreviewed"
"9987684958506","White Plain Barcode Label Roll","https://www.ecosoftindia.in/products/white-plain-barcode-label-roll","50970833944874","50*25mm 2000 Label / 1 / Free Delivery","","50*25mm 2000 Label","1","Free Delivery","300.00","true","https://cdn.shopify.com/s/files/1/0965/0018/7434/files/WhatsAppImage2025-12-19at5.32.47PM.jpg?v=1766145818","","unreviewed"
"9987684958506","White Plain Barcode Label Roll","https://www.ecosoftindia.in/products/white-plain-barcode-label-roll","50970841743658","50*25mm 2000 Label / 2 / Free Delivery","","50*25mm 2000 Label","2","Free Delivery","600.00","true","https://cdn.shopify.com/s/files/1/0965/0018/7434/files/WhatsAppImage2025-12-19at5.32.47PM.jpg?v=1766145818","","unreviewed"
"9987684958506","White Plain Barcode Label Roll","https://www.ecosoftindia.in/products/white-plain-barcode-label-roll","50970841776426","50*25mm 2000 Label / 4 / Free Delivery","","50*25mm 2000 Label","4","Free Delivery","1200.00","true","https://cdn.shopify.com/s/files/1/0965/0018/7434/files/WhatsAppImage2025-12-19at5.32.47PM.jpg?v=1766145818","","unreviewed"
"9987684958506","White Plain Barcode Label Roll","https://www.ecosoftindia.in/products/white-plain-barcode-label-roll","50970841809194","50*25mm 2000 Label / 12 / Free Delivery","","50*25mm 2000 Label","12","Free Delivery","3600.00","true","https://cdn.shopify.com/s/files/1/0965/0018/7434/files/WhatsAppImage2025-12-19at5.32.47PM.jpg?v=1766145818","","unreviewed"
"9981700931882","Transparent Tape","https://www.ecosoftindia.in/products/transparent-tape-use-for-packaging","50954518167850","3 inch 200m / 1 / Free Delivery","","3 inch 200m","1","Free Delivery","349.00","true","https://cdn.shopify.com/s/files/1/0965/0018/7434/files/WhatsApp_Image_2025-12-15_at_9.26.07_PM_1.jpg?v=1765814549","","unreviewed"
"9981700931882","Transparent Tape","https://www.ecosoftindia.in/products/transparent-tape-use-for-packaging","50956765069610","3 inch 200m / 3 / Free Delivery","","3 inch 200m","3","Free Delivery","899.00","true","https://cdn.shopify.com/s/files/1/0965/0018/7434/files/WhatsApp_Image_2025-12-15_at_9.26.07_PM_1.jpg?v=1765814549","","unreviewed"
"9981700931882","Transparent Tape","https://www.ecosoftindia.in/products/transparent-tape-use-for-packaging","50956765102378","3 inch 200m / 6 / Free Delivery","","3 inch 200m","6","Free Delivery","1599.00","true","https://cdn.shopify.com/s/files/1/0965/0018/7434/files/WhatsApp_Image_2025-12-15_at_9.26.07_PM_1.jpg?v=1765814549","","unreviewed"
"9981700931882","Transparent Tape","https://www.ecosoftindia.in/products/transparent-tape-use-for-packaging","50956765135146","3 inch 200m / 12 / Free Delivery","","3 inch 200m","12","Free Delivery","2999.00","true","https://cdn.shopify.com/s/files/1/0965/0018/7434/files/WhatsApp_Image_2025-12-15_at_9.26.07_PM_1.jpg?v=1765814549","","unreviewed"
"9981700931882","Transparent Tape","https://www.ecosoftindia.in/products/transparent-tape-use-for-packaging","50954518200618","2 inch 200m / 1 / Free Delivery","","2 inch 200m","1","Free Delivery","299.00","true","https://cdn.shopify.com/s/files/1/0965/0018/7434/files/WhatsApp_Image_2025-12-15_at_9.26.10_PM.jpg?v=1765814583","","unreviewed"
"9981700931882","Transparent Tape","https://www.ecosoftindia.in/products/transparent-tape-use-for-packaging","50956765167914","2 inch 200m / 3 / Free Delivery","","2 inch 200m","3","Free Delivery","599.00","true","https://cdn.shopify.com/s/files/1/0965/0018/7434/files/WhatsApp_Image_2025-12-15_at_9.26.07_PM_1.jpg?v=1765814549","","unreviewed"
"9981700931882","Transparent Tape","https://www.ecosoftindia.in/products/transparent-tape-use-for-packaging","50956765200682","2 inch 200m / 6 / Free Delivery","","2 inch 200m","6","Free Delivery","999.00","true","https://cdn.shopify.com/s/files/1/0965/0018/7434/files/WhatsApp_Image_2025-12-15_at_9.26.07_PM_1.jpg?v=1765814549","","unreviewed"
"9981700931882","Transparent Tape","https://www.ecosoftindia.in/products/transparent-tape-use-for-packaging","50956765233450","2 inch 200m / 12 / Free Delivery","","2 inch 200m","12","Free Delivery","1899.00","true","https://cdn.shopify.com/s/files/1/0965/0018/7434/files/WhatsApp_Image_2025-12-15_at_9.26.07_PM_1.jpg?v=1765814549","","unreviewed"
"9981700931882","Transparent Tape","https://www.ecosoftindia.in/products/transparent-tape-use-for-packaging","50954518233386","1 1/2 inch 50m / 1 / Free Delivery","","1 1/2 inch 50m","1","Free Delivery","120.00","true","https://cdn.shopify.com/s/files/1/0965/0018/7434/files/WhatsApp_Image_2025-12-15_at_9.26.09_PM.jpg?v=1765814611","","unreviewed"
"9981700931882","Transparent Tape","https://www.ecosoftindia.in/products/transparent-tape-use-for-packaging","50956765266218","1 1/2 inch 50m / 3 / Free Delivery","","1 1/2 inch 50m","3","Free Delivery","187.00","true","https://cdn.shopify.com/s/files/1/0965/0018/7434/files/WhatsApp_Image_2025-12-15_at_9.26.07_PM_1.jpg?v=1765814549","","unreviewed"
"9981700931882","Transparent Tape","https://www.ecosoftindia.in/products/transparent-tape-use-for-packaging","50956765298986","1 1/2 inch 50m / 6 / Free Delivery","","1 1/2 inch 50m","6","Free Delivery","286.00","true","https://cdn.shopify.com/s/files/1/0965/0018/7434/files/WhatsApp_Image_2025-12-15_at_9.26.07_PM_1.jpg?v=1765814549","","unreviewed"
"9981700931882","Transparent Tape","https://www.ecosoftindia.in/products/transparent-tape-use-for-packaging","50956765331754","1 1/2 inch 50m / 12 / Free Delivery","","1 1/2 inch 50m","12","Free Delivery","522.00","true","https://cdn.shopify.com/s/files/1/0965/0018/7434/files/WhatsApp_Image_2025-12-15_at_9.26.07_PM_1.jpg?v=1765814549","","unreviewed"
"9981700931882","Transparent Tape","https://www.ecosoftindia.in/products/transparent-tape-use-for-packaging","50954518266154","1 inch 50 m / 1 / Free Delivery","","1 inch 50 m","1","Free Delivery","100.00","true","https://cdn.shopify.com/s/files/1/0965/0018/7434/files/WhatsApp_Image_2025-12-15_at_9.26.09_PM_1.jpg?v=1765814642","","unreviewed"
"9981700931882","Transparent Tape","https://www.ecosoftindia.in/products/transparent-tape-use-for-packaging","50956765364522","1 inch 50 m / 3 / Free Delivery","","1 inch 50 m","3","Free Delivery","171.00","true","https://cdn.shopify.com/s/files/1/0965/0018/7434/files/WhatsApp_Image_2025-12-15_at_9.26.07_PM_1.jpg?v=1765814549","","unreviewed"
"9981700931882","Transparent Tape","https://www.ecosoftindia.in/products/transparent-tape-use-for-packaging","50956765397290","1 inch 50 m / 6 / Free Delivery","","1 inch 50 m","6","Free Delivery","253.00","true","https://cdn.shopify.com/s/files/1/0965/0018/7434/files/WhatsApp_Image_2025-12-15_at_9.26.07_PM_1.jpg?v=1765814549","","unreviewed"
"9981700931882","Transparent Tape","https://www.ecosoftindia.in/products/transparent-tape-use-for-packaging","50956765430058","1 inch 50 m / 12 / Free Delivery","","1 inch 50 m","12","Free Delivery","435.00","true","https://cdn.shopify.com/s/files/1/0965/0018/7434/files/WhatsApp_Image_2025-12-15_at_9.26.07_PM_1.jpg?v=1765814549","","unreviewed"
"10002989547818","Red  Plain Tamper Proof  Courier Bag with Pocket","https://www.ecosoftindia.in/products/red-plain-tamper-proof-courier-bag-with-pocket","51008778010922","6*8 / 100","","6*8","100","","249.00","true","https://cdn.shopify.com/s/files/1/0965/0018/7434/files/WhatsAppImage2025-12-31at3.55.01PM.jpg?v=1767176729","","unreviewed"
"10002989547818","Red  Plain Tamper Proof  Courier Bag with Pocket","https://www.ecosoftindia.in/products/red-plain-tamper-proof-courier-bag-with-pocket","51444837974314","6*8 / 500","","6*8","500","","749.00","true","https://cdn.shopify.com/s/files/1/0965/0018/7434/files/WhatsAppImage2025-12-31at3.55.01PM.jpg?v=1767176729","","unreviewed"
"10002989547818","Red  Plain Tamper Proof  Courier Bag with Pocket","https://www.ecosoftindia.in/products/red-plain-tamper-proof-courier-bag-with-pocket","51008778043690","8*10 / 100","","8*10","100","","399.00","true","https://cdn.shopify.com/s/files/1/0965/0018/7434/files/WhatsAppImage2025-12-31at3.55.01PM.jpg?v=1767176729","","unreviewed"
"10002989547818","Red  Plain Tamper Proof  Courier Bag with Pocket","https://www.ecosoftindia.in/products/red-plain-tamper-proof-courier-bag-with-pocket","51444838007082","8*10 / 500","","8*10","500","","1049.00","true","https://cdn.shopify.com/s/files/1/0965/0018/7434/files/WhatsAppImage2025-12-31at3.55.01PM.jpg?v=1767176729","","unreviewed"
"10002989547818","Red  Plain Tamper Proof  Courier Bag with Pocket","https://www.ecosoftindia.in/products/red-plain-tamper-proof-courier-bag-with-pocket","51008778076458","10*14 / 100","","10*14","100","","549.00","true","https://cdn.shopify.com/s/files/1/0965/0018/7434/files/WhatsAppImage2025-12-31at3.55.01PM.jpg?v=1767176729","","unreviewed"
"10002989547818","Red  Plain Tamper Proof  Courier Bag with Pocket","https://www.ecosoftindia.in/products/red-plain-tamper-proof-courier-bag-with-pocket","51444838039850","10*14 / 500","","10*14","500","","1749.00","true","https://cdn.shopify.com/s/files/1/0965/0018/7434/files/WhatsAppImage2025-12-31at3.55.01PM.jpg?v=1767176729","","unreviewed"
"10002989547818","Red  Plain Tamper Proof  Courier Bag with Pocket","https://www.ecosoftindia.in/products/red-plain-tamper-proof-courier-bag-with-pocket","51008778109226","12*16 / 100","","12*16","100","","649.00","true","https://cdn.shopify.com/s/files/1/0965/0018/7434/files/WhatsAppImage2025-12-31at3.55.01PM.jpg?v=1767176729","","unreviewed"
"10002989547818","Red  Plain Tamper Proof  Courier Bag with Pocket","https://www.ecosoftindia.in/products/red-plain-tamper-proof-courier-bag-with-pocket","51444838072618","12*16 / 500","","12*16","500","","2149.00","true","https://cdn.shopify.com/s/files/1/0965/0018/7434/files/WhatsAppImage2025-12-31at3.55.01PM.jpg?v=1767176729","","unreviewed"
"9983913820458","Thermal Shipping Label Roll","https://www.ecosoftindia.in/products/thermal-shipping-label-roll","50961705337130","4*6 400 Label / 1 / Free Delivery","","4*6 400 Label","1","Free Delivery","450.00","true","https://cdn.shopify.com/s/files/1/0965/0018/7434/files/WhatsApp_Image_2025-12-17_at_2.36.15_PM.jpg?v=1765962414","","unreviewed"
"9983913820458","Thermal Shipping Label Roll","https://www.ecosoftindia.in/products/thermal-shipping-label-roll","50970608861482","4*6 400 Label / 3 / Free Delivery","","4*6 400 Label","3","Free Delivery","1320.00","true","https://cdn.shopify.com/s/files/1/0965/0018/7434/files/WhatsApp_Image_2025-12-17_at_2.36.15_PM.jpg?v=1765962414","","unreviewed"
"9983913820458","Thermal Shipping Label Roll","https://www.ecosoftindia.in/products/thermal-shipping-label-roll","50970608894250","4*6 400 Label / 6 / Free Delivery","","4*6 400 Label","6","Free Delivery","2640.00","true","https://cdn.shopify.com/s/files/1/0965/0018/7434/files/WhatsApp_Image_2025-12-17_at_2.36.15_PM.jpg?v=1765962414","","unreviewed"
"9983913820458","Thermal Shipping Label Roll","https://www.ecosoftindia.in/products/thermal-shipping-label-roll","50961705369898","3*5 500 Label / 1 / Free Delivery","","3*5 500 Label","1","Free Delivery","450.00","true","https://cdn.shopify.com/s/files/1/0965/0018/7434/files/WhatsApp_Image_2025-12-17_at_2.36.14_PM.jpg?v=1765962466","","unreviewed"
"9983913820458","Thermal Shipping Label Roll","https://www.ecosoftindia.in/products/thermal-shipping-label-roll","50970608927018","3*5 500 Label / 3 / Free Delivery","","3*5 500 Label","3","Free Delivery","1200.00","true","https://cdn.shopify.com/s/files/1/0965/0018/7434/files/WhatsApp_Image_2025-12-17_at_2.36.15_PM.jpg?v=1765962414","","unreviewed"
"9983913820458","Thermal Shipping Label Roll","https://www.ecosoftindia.in/products/thermal-shipping-label-roll","50970608959786","3*5 500 Label / 6 / Free Delivery","","3*5 500 Label","6","Free Delivery","2400.00","true","https://cdn.shopify.com/s/files/1/0965/0018/7434/files/WhatsApp_Image_2025-12-17_at_2.36.15_PM.jpg?v=1765962414","","unreviewed"
"9981683204394","Plain Tamper Proof  Courier Bag with Pocket","https://www.ecosoftindia.in/products/plain-tamper-proof-courier-bag-with-pocket","51374511128874","6*8 / 50 / Free Delivery","","6*8","50","Free Delivery","179.00","true","https://cdn.shopify.com/s/files/1/0965/0018/7434/files/WhatsApp_Image_2025-12-15_at_7.55.15_PM_1.jpg?v=1765808760","","unreviewed"
"9981683204394","Plain Tamper Proof  Courier Bag with Pocket","https://www.ecosoftindia.in/products/plain-tamper-proof-courier-bag-with-pocket","50957352861994","6*8 / 100 / Free Delivery","","6*8","100","Free Delivery","229.00","true","https://cdn.shopify.com/s/files/1/0965/0018/7434/files/WhatsApp_Image_2025-12-15_at_7.55.15_PM_1.jpg?v=1765808760","","unreviewed"
"9981683204394","Plain Tamper Proof  Courier Bag with Pocket","https://www.ecosoftindia.in/products/plain-tamper-proof-courier-bag-with-pocket","50957352894762","6*8 / 500 / Free Delivery","","6*8","500","Free Delivery","799.00","true","https://cdn.shopify.com/s/files/1/0965/0018/7434/files/WhatsApp_Image_2025-12-15_at_7.55.15_PM_1.jpg?v=1765808760","","unreviewed"
"9981683204394","Plain Tamper Proof  Courier Bag with Pocket","https://www.ecosoftindia.in/products/plain-tamper-proof-courier-bag-with-pocket","50957352927530","6*8 / 1000 / Free Delivery","","6*8","1000","Free Delivery","1399.00","true","https://cdn.shopify.com/s/files/1/0965/0018/7434/files/WhatsApp_Image_2025-12-15_at_7.55.15_PM_1.jpg?v=1765808760","","unreviewed"
"9981683204394","Plain Tamper Proof  Courier Bag with Pocket","https://www.ecosoftindia.in/products/plain-tamper-proof-courier-bag-with-pocket","51374511161642","8*10 / 50 / Free Delivery","","8*10","50","Free Delivery","209.00","true","https://cdn.shopify.com/s/files/1/0965/0018/7434/files/WhatsApp_Image_2025-12-15_at_7.55.15_PM_1.jpg?v=1765808760","","unreviewed"
"9981683204394","Plain Tamper Proof  Courier Bag with Pocket","https://www.ecosoftindia.in/products/plain-tamper-proof-courier-bag-with-pocket","50957352960298","8*10 / 100 / Free Delivery","","8*10","100","Free Delivery","297.00","true","https://cdn.shopify.com/s/files/1/0965/0018/7434/files/WhatsApp_Image_2025-12-15_at_7.55.15_PM_1.jpg?v=1765808760","","unreviewed"
"9981683204394","Plain Tamper Proof  Courier Bag with Pocket","https://www.ecosoftindia.in/products/plain-tamper-proof-courier-bag-with-pocket","50957352993066","8*10 / 500 / Free Delivery","","8*10","500","Free Delivery","999.00","true","https://cdn.shopify.com/s/files/1/0965/0018/7434/files/WhatsApp_Image_2025-12-15_at_7.55.15_PM_1.jpg?v=1765808760","","unreviewed"
"9981683204394","Plain Tamper Proof  Courier Bag with Pocket","https://www.ecosoftindia.in/products/plain-tamper-proof-courier-bag-with-pocket","50957353025834","8*10 / 1000 / Free Delivery","","8*10","1000","Free Delivery","1850.00","true","https://cdn.shopify.com/s/files/1/0965/0018/7434/files/WhatsApp_Image_2025-12-15_at_7.55.15_PM_1.jpg?v=1765808760","","unreviewed"
"9981683204394","Plain Tamper Proof  Courier Bag with Pocket","https://www.ecosoftindia.in/products/plain-tamper-proof-courier-bag-with-pocket","51374511194410","8*12 / 50 / Free Delivery","","8*12","50","Free Delivery","249.00","true","https://cdn.shopify.com/s/files/1/0965/0018/7434/files/WhatsApp_Image_2025-12-15_at_7.55.15_PM_1.jpg?v=1765808760","","unreviewed"
"9981683204394","Plain Tamper Proof  Courier Bag with Pocket","https://www.ecosoftindia.in/products/plain-tamper-proof-courier-bag-with-pocket","50957353058602","8*12 / 100 / Free Delivery","","8*12","100","Free Delivery","340.00","true","https://cdn.shopify.com/s/files/1/0965/0018/7434/files/WhatsApp_Image_2025-12-15_at_7.55.15_PM_1.jpg?v=1765808760","","unreviewed"
"9981683204394","Plain Tamper Proof  Courier Bag with Pocket","https://www.ecosoftindia.in/products/plain-tamper-proof-courier-bag-with-pocket","50957353091370","8*12 / 500 / Free Delivery","","8*12","500","Free Delivery","1487.00","true","https://cdn.shopify.com/s/files/1/0965/0018/7434/files/WhatsApp_Image_2025-12-15_at_7.55.15_PM_1.jpg?v=1765808760","","unreviewed"
"9981683204394","Plain Tamper Proof  Courier Bag with Pocket","https://www.ecosoftindia.in/products/plain-tamper-proof-courier-bag-with-pocket","50957353124138","8*12 / 1000 / Free Delivery","","8*12","1000","Free Delivery","2860.00","true","https://cdn.shopify.com/s/files/1/0965/0018/7434/files/WhatsApp_Image_2025-12-15_at_7.55.15_PM_1.jpg?v=1765808760","","unreviewed"
"9981683204394","Plain Tamper Proof  Courier Bag with Pocket","https://www.ecosoftindia.in/products/plain-tamper-proof-courier-bag-with-pocket","51374511227178","10*12 / 50 / Free Delivery","","10*12","50","Free Delivery","238.00","true","https://cdn.shopify.com/s/files/1/0965/0018/7434/files/WhatsApp_Image_2025-12-15_at_7.55.15_PM_1.jpg?v=1765808760","","unreviewed"
"9981683204394","Plain Tamper Proof  Courier Bag with Pocket","https://www.ecosoftindia.in/products/plain-tamper-proof-courier-bag-with-pocket","50957353156906","10*12 / 100 / Free Delivery","","10*12","100","Free Delivery","367.00","true","https://cdn.shopify.com/s/files/1/0965/0018/7434/files/WhatsApp_Image_2025-12-15_at_7.55.15_PM_1.jpg?v=1765808760","","unreviewed"
"9981683204394","Plain Tamper Proof  Courier Bag with Pocket","https://www.ecosoftindia.in/products/plain-tamper-proof-courier-bag-with-pocket","50957353189674","10*12 / 500 / Free Delivery","","10*12","500","Free Delivery","1499.00","true","https://cdn.shopify.com/s/files/1/0965/0018/7434/files/WhatsApp_Image_2025-12-15_at_7.55.15_PM_1.jpg?v=1765808760","","unreviewed"
"9981683204394","Plain Tamper Proof  Courier Bag with Pocket","https://www.ecosoftindia.in/products/plain-tamper-proof-courier-bag-with-pocket","50957353222442","10*12 / 1000 / Free Delivery","","10*12","1000","Free Delivery","2599.00","true","https://cdn.shopify.com/s/files/1/0965/0018/7434/files/WhatsApp_Image_2025-12-15_at_7.55.15_PM_1.jpg?v=1765808760","","unreviewed"
"9981683204394","Plain Tamper Proof  Courier Bag with Pocket","https://www.ecosoftindia.in/products/plain-tamper-proof-courier-bag-with-pocket","51374511259946","10*14 / 50 / Free Delivery","","10*14","50","Free Delivery","260.00","true","https://cdn.shopify.com/s/files/1/0965/0018/7434/files/WhatsApp_Image_2025-12-15_at_7.55.15_PM_1.jpg?v=1765808760","","unreviewed"
"9981683204394","Plain Tamper Proof  Courier Bag with Pocket","https://www.ecosoftindia.in/products/plain-tamper-proof-courier-bag-with-pocket","50957353255210","10*14 / 100 / Free Delivery","","10*14","100","Free Delivery","401.00","true","https://cdn.shopify.com/s/files/1/0965/0018/7434/files/WhatsApp_Image_2025-12-15_at_7.55.15_PM_1.jpg?v=1765808760","","unreviewed"
"9981683204394","Plain Tamper Proof  Courier Bag with Pocket","https://www.ecosoftindia.in/products/plain-tamper-proof-courier-bag-with-pocket","50957353287978","10*14 / 500 / Free Delivery","","10*14","500","Free Delivery","1649.00","true","https://cdn.shopify.com/s/files/1/0965/0018/7434/files/WhatsApp_Image_2025-12-15_at_7.55.15_PM_1.jpg?v=1765808760","","unreviewed"
"9981683204394","Plain Tamper Proof  Courier Bag with Pocket","https://www.ecosoftindia.in/products/plain-tamper-proof-courier-bag-with-pocket","50957353320746","10*14 / 1000 / Free Delivery","","10*14","1000","Free Delivery","2699.00","true","https://cdn.shopify.com/s/files/1/0965/0018/7434/files/WhatsApp_Image_2025-12-15_at_7.55.15_PM_1.jpg?v=1765808760","","unreviewed"
"9981683204394","Plain Tamper Proof  Courier Bag with Pocket","https://www.ecosoftindia.in/products/plain-tamper-proof-courier-bag-with-pocket","51374511292714","12*14 / 50 / Free Delivery","","12*14","50","Free Delivery","299.00","true","https://cdn.shopify.com/s/files/1/0965/0018/7434/files/WhatsApp_Image_2025-12-15_at_7.55.15_PM_1.jpg?v=1765808760","","unreviewed"
"9981683204394","Plain Tamper Proof  Courier Bag with Pocket","https://www.ecosoftindia.in/products/plain-tamper-proof-courier-bag-with-pocket","50957353353514","12*14 / 100 / Free Delivery","","12*14","100","Free Delivery","436.00","true","https://cdn.shopify.com/s/files/1/0965/0018/7434/files/WhatsApp_Image_2025-12-15_at_7.55.15_PM_1.jpg?v=1765808760","","unreviewed"
"9981683204394","Plain Tamper Proof  Courier Bag with Pocket","https://www.ecosoftindia.in/products/plain-tamper-proof-courier-bag-with-pocket","50957353386282","12*14 / 500 / Free Delivery","","12*14","500","Free Delivery","1820.00","true","https://cdn.shopify.com/s/files/1/0965/0018/7434/files/WhatsApp_Image_2025-12-15_at_7.55.15_PM_1.jpg?v=1765808760","","unreviewed"
"9981683204394","Plain Tamper Proof  Courier Bag with Pocket","https://www.ecosoftindia.in/products/plain-tamper-proof-courier-bag-with-pocket","50957353419050","12*14 / 1000 / Free Delivery","","12*14","1000","Free Delivery","3850.00","true","https://cdn.shopify.com/s/files/1/0965/0018/7434/files/WhatsApp_Image_2025-12-15_at_7.55.15_PM_1.jpg?v=1765808760","","unreviewed"
"9981683204394","Plain Tamper Proof  Courier Bag with Pocket","https://www.ecosoftindia.in/products/plain-tamper-proof-courier-bag-with-pocket","51374511325482","12*16 / 50 / Free Delivery","","12*16","50","Free Delivery","319.00","true","https://cdn.shopify.com/s/files/1/0965/0018/7434/files/WhatsApp_Image_2025-12-15_at_7.55.15_PM_1.jpg?v=1765808760","","unreviewed"
"9981683204394","Plain Tamper Proof  Courier Bag with Pocket","https://www.ecosoftindia.in/products/plain-tamper-proof-courier-bag-with-pocket","50957353451818","12*16 / 100 / Free Delivery","","12*16","100","Free Delivery","492.00","true","https://cdn.shopify.com/s/files/1/0965/0018/7434/files/WhatsApp_Image_2025-12-15_at_7.55.15_PM_1.jpg?v=1765808760","","unreviewed"
"9981683204394","Plain Tamper Proof  Courier Bag with Pocket","https://www.ecosoftindia.in/products/plain-tamper-proof-courier-bag-with-pocket","50957353484586","12*16 / 500 / Free Delivery","","12*16","500","Free Delivery","2482.00","true","https://cdn.shopify.com/s/files/1/0965/0018/7434/files/WhatsApp_Image_2025-12-15_at_7.55.15_PM_1.jpg?v=1765808760","","unreviewed"
"9981683204394","Plain Tamper Proof  Courier Bag with Pocket","https://www.ecosoftindia.in/products/plain-tamper-proof-courier-bag-with-pocket","50957353517354","12*16 / 1000 / Free Delivery","","12*16","1000","Free Delivery","4999.00","true","https://cdn.shopify.com/s/files/1/0965/0018/7434/files/WhatsApp_Image_2025-12-15_at_7.55.15_PM_1.jpg?v=1765808760","","unreviewed"
"9981683204394","Plain Tamper Proof  Courier Bag with Pocket","https://www.ecosoftindia.in/products/plain-tamper-proof-courier-bag-with-pocket","51374511358250","14*18 / 50 / Free Delivery","","14*18","50","Free Delivery","415.00","true","https://cdn.shopify.com/s/files/1/0965/0018/7434/files/WhatsApp_Image_2025-12-15_at_7.55.15_PM_1.jpg?v=1765808760","","unreviewed"
"9981683204394","Plain Tamper Proof  Courier Bag with Pocket","https://www.ecosoftindia.in/products/plain-tamper-proof-courier-bag-with-pocket","50957353550122","14*18 / 100 / Free Delivery","","14*18","100","Free Delivery","640.00","true","https://cdn.shopify.com/s/files/1/0965/0018/7434/files/WhatsApp_Image_2025-12-15_at_7.55.15_PM_1.jpg?v=1765808760","","unreviewed"
"9981683204394","Plain Tamper Proof  Courier Bag with Pocket","https://www.ecosoftindia.in/products/plain-tamper-proof-courier-bag-with-pocket","50957353582890","14*18 / 500 / Free Delivery","","14*18","500","Free Delivery","2720.00","true","https://cdn.shopify.com/s/files/1/0965/0018/7434/files/WhatsApp_Image_2025-12-15_at_7.55.15_PM_1.jpg?v=1765808760","","unreviewed"
"9981683204394","Plain Tamper Proof  Courier Bag with Pocket","https://www.ecosoftindia.in/products/plain-tamper-proof-courier-bag-with-pocket","50957353615658","14*18 / 1000 / Free Delivery","","14*18","1000","Free Delivery","5200.00","true","https://cdn.shopify.com/s/files/1/0965/0018/7434/files/WhatsApp_Image_2025-12-15_at_7.55.15_PM_1.jpg?v=1765808760","","unreviewed"
"9981683204394","Plain Tamper Proof  Courier Bag with Pocket","https://www.ecosoftindia.in/products/plain-tamper-proof-courier-bag-with-pocket","51374511391018","16*22 / 50 / Free Delivery","","16*22","50","Free Delivery","486.00","true","https://cdn.shopify.com/s/files/1/0965/0018/7434/files/WhatsApp_Image_2025-12-15_at_7.55.15_PM_1.jpg?v=1765808760","","unreviewed"
"9981683204394","Plain Tamper Proof  Courier Bag with Pocket","https://www.ecosoftindia.in/products/plain-tamper-proof-courier-bag-with-pocket","50957353648426","16*22 / 100 / Free Delivery","","16*22","100","Free Delivery","749.00","true","https://cdn.shopify.com/s/files/1/0965/0018/7434/files/WhatsApp_Image_2025-12-15_at_7.55.15_PM_1.jpg?v=1765808760","","unreviewed"
"9981683204394","Plain Tamper Proof  Courier Bag with Pocket","https://www.ecosoftindia.in/products/plain-tamper-proof-courier-bag-with-pocket","50957353681194","16*22 / 500 / Free Delivery","","16*22","500","Free Delivery","3350.00","true","https://cdn.shopify.com/s/files/1/0965/0018/7434/files/WhatsApp_Image_2025-12-15_at_7.55.15_PM_1.jpg?v=1765808760","","unreviewed"
"9981683204394","Plain Tamper Proof  Courier Bag with Pocket","https://www.ecosoftindia.in/products/plain-tamper-proof-courier-bag-with-pocket","50957353713962","16*22 / 1000 / Free Delivery","","16*22","1000","Free Delivery","6200.00","true","https://cdn.shopify.com/s/files/1/0965/0018/7434/files/WhatsApp_Image_2025-12-15_at_7.55.15_PM_1.jpg?v=1765808760","","unreviewed"
"9981683204394","Plain Tamper Proof  Courier Bag with Pocket","https://www.ecosoftindia.in/products/plain-tamper-proof-courier-bag-with-pocket","51374511423786","18*24 / 50 / Free Delivery","","18*24","50","Free Delivery","767.00","true","https://cdn.shopify.com/s/files/1/0965/0018/7434/files/WhatsApp_Image_2025-12-15_at_7.55.15_PM_1.jpg?v=1765808760","","unreviewed"
"9981683204394","Plain Tamper Proof  Courier Bag with Pocket","https://www.ecosoftindia.in/products/plain-tamper-proof-courier-bag-with-pocket","50957353746730","18*24 / 100 / Free Delivery","","18*24","100","Free Delivery","1181.60","true","https://cdn.shopify.com/s/files/1/0965/0018/7434/files/WhatsApp_Image_2025-12-15_at_7.55.15_PM_1.jpg?v=1765808760","","unreviewed"
"9981683204394","Plain Tamper Proof  Courier Bag with Pocket","https://www.ecosoftindia.in/products/plain-tamper-proof-courier-bag-with-pocket","50957353779498","18*24 / 500 / Free Delivery","","18*24","500","Free Delivery","4450.00","true","https://cdn.shopify.com/s/files/1/0965/0018/7434/files/WhatsApp_Image_2025-12-15_at_7.55.15_PM_1.jpg?v=1765808760","","unreviewed"
"9981683204394","Plain Tamper Proof  Courier Bag with Pocket","https://www.ecosoftindia.in/products/plain-tamper-proof-courier-bag-with-pocket","50957353812266","18*24 / 1000 / Free Delivery","","18*24","1000","Free Delivery","7499.00","true","https://cdn.shopify.com/s/files/1/0965/0018/7434/files/WhatsApp_Image_2025-12-15_at_7.55.15_PM_1.jpg?v=1765808760","","unreviewed"
"9981683204394","Plain Tamper Proof  Courier Bag with Pocket","https://www.ecosoftindia.in/products/plain-tamper-proof-courier-bag-with-pocket","51374511456554","22*24 / 50 / Free Delivery","","22*24","50","Free Delivery","907.00","false","https://cdn.shopify.com/s/files/1/0965/0018/7434/files/WhatsApp_Image_2025-12-15_at_7.55.15_PM_1.jpg?v=1765808760","","unreviewed"
"9981683204394","Plain Tamper Proof  Courier Bag with Pocket","https://www.ecosoftindia.in/products/plain-tamper-proof-courier-bag-with-pocket","50957353845034","22*24 / 100 / Free Delivery","","22*24","100","Free Delivery","1396.00","false","https://cdn.shopify.com/s/files/1/0965/0018/7434/files/WhatsApp_Image_2025-12-15_at_7.55.15_PM_1.jpg?v=1765808760","","unreviewed"
"9981683204394","Plain Tamper Proof  Courier Bag with Pocket","https://www.ecosoftindia.in/products/plain-tamper-proof-courier-bag-with-pocket","50957353877802","22*24 / 500 / Free Delivery","","22*24","500","Free Delivery","11763.00","false","https://cdn.shopify.com/s/files/1/0965/0018/7434/files/WhatsApp_Image_2025-12-15_at_7.55.15_PM_1.jpg?v=1765808760","","unreviewed"
"9981683204394","Plain Tamper Proof  Courier Bag with Pocket","https://www.ecosoftindia.in/products/plain-tamper-proof-courier-bag-with-pocket","50957353910570","22*24 / 1000 / Free Delivery","","22*24","1000","Free Delivery","13427.00","false","https://cdn.shopify.com/s/files/1/0965/0018/7434/files/WhatsApp_Image_2025-12-15_at_7.55.15_PM_1.jpg?v=1765808760","","unreviewed"
"9981682254122","Plain Paper Courier Bag","https://www.ecosoftindia.in/products/plain-paper-courier-bag","50957708493098","7.5*8 / 100 / Free Delivery","","7.5*8","100","Free Delivery","270.00","true","https://cdn.shopify.com/s/files/1/0965/0018/7434/files/WhatsAppImage2025-12-15at7.42.57PM.jpg?v=1765808025","","unreviewed"
"9981682254122","Plain Paper Courier Bag","https://www.ecosoftindia.in/products/plain-paper-courier-bag","50957708525866","7.5*8 / 500 / Free Delivery","","7.5*8","500","Free Delivery","1181.00","true","https://cdn.shopify.com/s/files/1/0965/0018/7434/files/WhatsAppImage2025-12-15at7.42.57PM.jpg?v=1765808025","","unreviewed"
"9981682254122","Plain Paper Courier Bag","https://www.ecosoftindia.in/products/plain-paper-courier-bag","50957708558634","7.5*8 / 1000 / Free Delivery","","7.5*8","1000","Free Delivery","2270.00","true","https://cdn.shopify.com/s/files/1/0965/0018/7434/files/WhatsAppImage2025-12-15at7.42.57PM.jpg?v=1765808025","","unreviewed"
"9981682254122","Plain Paper Courier Bag","https://www.ecosoftindia.in/products/plain-paper-courier-bag","50957708591402","9*11 / 100 / Free Delivery","","9*11","100","Free Delivery","382.00","true","https://cdn.shopify.com/s/files/1/0965/0018/7434/files/WhatsAppImage2025-12-15at7.42.57PM.jpg?v=1765808025","","unreviewed"
"9981682254122","Plain Paper Courier Bag","https://www.ecosoftindia.in/products/plain-paper-courier-bag","50957708624170","9*11 / 500 / Free Delivery","","9*11","500","Free Delivery","1836.00","true","https://cdn.shopify.com/s/files/1/0965/0018/7434/files/WhatsAppImage2025-12-15at7.42.57PM.jpg?v=1765808025","","unreviewed"
"9981682254122","Plain Paper Courier Bag","https://www.ecosoftindia.in/products/plain-paper-courier-bag","50957708656938","9*11 / 1000 / Free Delivery","","9*11","1000","Free Delivery","3672.00","true","https://cdn.shopify.com/s/files/1/0965/0018/7434/files/WhatsAppImage2025-12-15at7.42.57PM.jpg?v=1765808025","","unreviewed"
"9981682254122","Plain Paper Courier Bag","https://www.ecosoftindia.in/products/plain-paper-courier-bag","50957708689706","11*14 / 100 / Free Delivery","","11*14","100","Free Delivery","558.00","true","https://cdn.shopify.com/s/files/1/0965/0018/7434/files/WhatsAppImage2025-12-15at7.42.57PM.jpg?v=1765808025","","unreviewed"
"9981682254122","Plain Paper Courier Bag","https://www.ecosoftindia.in/products/plain-paper-courier-bag","50957708722474","11*14 / 500 / Free Delivery","","11*14","500","Free Delivery","2682.00","true","https://cdn.shopify.com/s/files/1/0965/0018/7434/files/WhatsAppImage2025-12-15at7.42.57PM.jpg?v=1765808025","","unreviewed"
"9981682254122","Plain Paper Courier Bag","https://www.ecosoftindia.in/products/plain-paper-courier-bag","50957708755242","11*14 / 1000 / Free Delivery","","11*14","1000","Free Delivery","5363.00","true","https://cdn.shopify.com/s/files/1/0965/0018/7434/files/WhatsAppImage2025-12-15at7.42.57PM.jpg?v=1765808025","","unreviewed"
"9981682254122","Plain Paper Courier Bag","https://www.ecosoftindia.in/products/plain-paper-courier-bag","50957708788010","13*16 / 100 / Free Delivery","","13*16","100","Free Delivery","723.00","true","https://cdn.shopify.com/s/files/1/0965/0018/7434/files/WhatsAppImage2025-12-15at7.42.57PM.jpg?v=1765808025","","unreviewed"
"9981682254122","Plain Paper Courier Bag","https://www.ecosoftindia.in/products/plain-paper-courier-bag","50957708820778","13*16 / 500 / Free Delivery","","13*16","500","Free Delivery","3474.00","true","https://cdn.shopify.com/s/files/1/0965/0018/7434/files/WhatsAppImage2025-12-15at7.42.57PM.jpg?v=1765808025","","unreviewed"
"9981682254122","Plain Paper Courier Bag","https://www.ecosoftindia.in/products/plain-paper-courier-bag","50957708853546","13*16 / 1000 / Free Delivery","","13*16","1000","Free Delivery","6945.00","true","https://cdn.shopify.com/s/files/1/0965/0018/7434/files/WhatsAppImage2025-12-15at7.42.57PM.jpg?v=1765808025","","unreviewed"
"9981682254122","Plain Paper Courier Bag","https://www.ecosoftindia.in/products/plain-paper-courier-bag","50957708886314","15*18 / 100 / Free Delivery","","15*18","100","Free Delivery","928.00","true","https://cdn.shopify.com/s/files/1/0965/0018/7434/files/WhatsAppImage2025-12-15at7.42.57PM.jpg?v=1765808025","","unreviewed"
"9981682254122","Plain Paper Courier Bag","https://www.ecosoftindia.in/products/plain-paper-courier-bag","50957708919082","15*18 / 500 / Free Delivery","","15*18","500","Free Delivery","4455.00","true","https://cdn.shopify.com/s/files/1/0965/0018/7434/files/WhatsAppImage2025-12-15at7.42.57PM.jpg?v=1765808025","","unreviewed"
"9981682254122","Plain Paper Courier Bag","https://www.ecosoftindia.in/products/plain-paper-courier-bag","50957708951850","15*18 / 1000 / Free Delivery","","15*18","1000","Free Delivery","8910.00","true","https://cdn.shopify.com/s/files/1/0965/0018/7434/files/WhatsAppImage2025-12-15at7.42.57PM.jpg?v=1765808025","","unreviewed"
"9981682254122","Plain Paper Courier Bag","https://www.ecosoftindia.in/products/plain-paper-courier-bag","50957708984618","17*21 / 100 / Free Delivery","","17*21","100","Free Delivery","1257.00","true","https://cdn.shopify.com/s/files/1/0965/0018/7434/files/WhatsAppImage2025-12-15at7.42.57PM.jpg?v=1765808025","","unreviewed"
"9981682254122","Plain Paper Courier Bag","https://www.ecosoftindia.in/products/plain-paper-courier-bag","50957709017386","17*21 / 500 / Free Delivery","","17*21","500","Free Delivery","6037.00","false","https://cdn.shopify.com/s/files/1/0965/0018/7434/files/WhatsAppImage2025-12-15at7.42.57PM.jpg?v=1765808025","","unreviewed"
"9981682254122","Plain Paper Courier Bag","https://www.ecosoftindia.in/products/plain-paper-courier-bag","50957709050154","17*21 / 1000 / Free Delivery","","17*21","1000","Free Delivery","12073.00","false","https://cdn.shopify.com/s/files/1/0965/0018/7434/files/WhatsAppImage2025-12-15at7.42.57PM.jpg?v=1765808025","","unreviewed"
"10002975949098","Pink Plain Tamper Proof  Courier Bag with Pocket","https://www.ecosoftindia.in/products/pink-plain-tamper-proof-courier-bag-with-pocket","51008762380586","6*8 / 100 / Free Delivery","","6*8","100","Free Delivery","249.00","false","https://cdn.shopify.com/s/files/1/0965/0018/7434/files/WhatsAppImage2025-12-31at3.22.54PM.jpg?v=1767174797","","unreviewed"
"10002975949098","Pink Plain Tamper Proof  Courier Bag with Pocket","https://www.ecosoftindia.in/products/pink-plain-tamper-proof-courier-bag-with-pocket","51444543914282","6*8 / 500 / Free Delivery","","6*8","500","Free Delivery","749.00","true","https://cdn.shopify.com/s/files/1/0965/0018/7434/files/WhatsAppImage2025-12-31at3.22.54PM.jpg?v=1767174797","","unreviewed"
"10002975949098","Pink Plain Tamper Proof  Courier Bag with Pocket","https://www.ecosoftindia.in/products/pink-plain-tamper-proof-courier-bag-with-pocket","51008762413354","8*10 / 100 / Free Delivery","","8*10","100","Free Delivery","399.00","false","https://cdn.shopify.com/s/files/1/0965/0018/7434/files/WhatsAppImage2025-12-31at3.22.54PM.jpg?v=1767174797","","unreviewed"
"10002975949098","Pink Plain Tamper Proof  Courier Bag with Pocket","https://www.ecosoftindia.in/products/pink-plain-tamper-proof-courier-bag-with-pocket","51444543947050","8*10 / 500 / Free Delivery","","8*10","500","Free Delivery","1049.00","false","https://cdn.shopify.com/s/files/1/0965/0018/7434/files/WhatsAppImage2025-12-31at3.22.54PM.jpg?v=1767174797","","unreviewed"
"10002975949098","Pink Plain Tamper Proof  Courier Bag with Pocket","https://www.ecosoftindia.in/products/pink-plain-tamper-proof-courier-bag-with-pocket","51008762446122","10*14 / 100 / Free Delivery","","10*14","100","Free Delivery","549.00","false","https://cdn.shopify.com/s/files/1/0965/0018/7434/files/WhatsAppImage2025-12-31at3.22.54PM.jpg?v=1767174797","","unreviewed"
"10002975949098","Pink Plain Tamper Proof  Courier Bag with Pocket","https://www.ecosoftindia.in/products/pink-plain-tamper-proof-courier-bag-with-pocket","51444543979818","10*14 / 500 / Free Delivery","","10*14","500","Free Delivery","1749.00","true","https://cdn.shopify.com/s/files/1/0965/0018/7434/files/WhatsAppImage2025-12-31at3.22.54PM.jpg?v=1767174797","","unreviewed"
"10002975949098","Pink Plain Tamper Proof  Courier Bag with Pocket","https://www.ecosoftindia.in/products/pink-plain-tamper-proof-courier-bag-with-pocket","51008762478890","12*16 / 100 / Free Delivery","","12*16","100","Free Delivery","649.00","false","https://cdn.shopify.com/s/files/1/0965/0018/7434/files/WhatsAppImage2025-12-31at3.22.54PM.jpg?v=1767174797","","unreviewed"
"10002975949098","Pink Plain Tamper Proof  Courier Bag with Pocket","https://www.ecosoftindia.in/products/pink-plain-tamper-proof-courier-bag-with-pocket","51444544012586","12*16 / 500 / Free Delivery","","12*16","500","Free Delivery","2149.00","true","https://cdn.shopify.com/s/files/1/0965/0018/7434/files/WhatsAppImage2025-12-31at3.22.54PM.jpg?v=1767174797","","unreviewed"
"9981682745642","Plain  Tamper Proof  Courier Bag without pocket","https://www.ecosoftindia.in/products/plain-tamper-proof-courier-bag-with-pod","51374498513194","6*8 / 50 / Free Delivery","","6*8","50","Free Delivery","169.00","true","https://cdn.shopify.com/s/files/1/0965/0018/7434/files/WhatsAppImage2025-12-15at7.49.40PM.jpg?v=1765808404","","unreviewed"
"9981682745642","Plain  Tamper Proof  Courier Bag without pocket","https://www.ecosoftindia.in/products/plain-tamper-proof-courier-bag-with-pod","50957624017194","6*8 / 100 / Free Delivery","","6*8","100","Free Delivery","225.00","true","https://cdn.shopify.com/s/files/1/0965/0018/7434/files/WhatsAppImage2025-12-15at7.49.40PM.jpg?v=1765808404","","unreviewed"
"9981682745642","Plain  Tamper Proof  Courier Bag without pocket","https://www.ecosoftindia.in/products/plain-tamper-proof-courier-bag-with-pod","50957624049962","6*8 / 500 / Free Delivery","","6*8","500","Free Delivery","675.00","true","https://cdn.shopify.com/s/files/1/0965/0018/7434/files/WhatsAppImage2025-12-15at7.49.40PM.jpg?v=1765808404","","unreviewed"
"9981682745642","Plain  Tamper Proof  Courier Bag without pocket","https://www.ecosoftindia.in/products/plain-tamper-proof-courier-bag-with-pod","50957624082730","6*8 / 1000 / Free Delivery","","6*8","1000","Free Delivery","1168.00","true","https://cdn.shopify.com/s/files/1/0965/0018/7434/files/WhatsAppImage2025-12-15at7.49.40PM.jpg?v=1765808404","","unreviewed"
"9981682745642","Plain  Tamper Proof  Courier Bag without pocket","https://www.ecosoftindia.in/products/plain-tamper-proof-courier-bag-with-pod","51374498545962","8*10 / 50 / Free Delivery","","8*10","50","Free Delivery","180.00","true","https://cdn.shopify.com/s/files/1/0965/0018/7434/files/WhatsAppImage2025-12-15at7.49.40PM.jpg?v=1765808404","","unreviewed"
"9981682745642","Plain  Tamper Proof  Courier Bag without pocket","https://www.ecosoftindia.in/products/plain-tamper-proof-courier-bag-with-pod","50957624115498","8*10 / 100 / Free Delivery","","8*10","100","Free Delivery","262.00","true","https://cdn.shopify.com/s/files/1/0965/0018/7434/files/WhatsAppImage2025-12-15at7.49.40PM.jpg?v=1765808404","","unreviewed"
"9981682745642","Plain  Tamper Proof  Courier Bag without pocket","https://www.ecosoftindia.in/products/plain-tamper-proof-courier-bag-with-pod","50957624148266","8*10 / 500 / Free Delivery","","8*10","500","Free Delivery","949.00","true","https://cdn.shopify.com/s/files/1/0965/0018/7434/files/WhatsAppImage2025-12-15at7.49.40PM.jpg?v=1765808404","","unreviewed"
"9981682745642","Plain  Tamper Proof  Courier Bag without pocket","https://www.ecosoftindia.in/products/plain-tamper-proof-courier-bag-with-pod","50957624181034","8*10 / 1000 / Free Delivery","","8*10","1000","Free Delivery","1650.00","true","https://cdn.shopify.com/s/files/1/0965/0018/7434/files/WhatsAppImage2025-12-15at7.49.40PM.jpg?v=1765808404","","unreviewed"
"9981682745642","Plain  Tamper Proof  Courier Bag without pocket","https://www.ecosoftindia.in/products/plain-tamper-proof-courier-bag-with-pod","51374498578730","8*12 / 50 / Free Delivery","","8*12","50","Free Delivery","197.00","true","https://cdn.shopify.com/s/files/1/0965/0018/7434/files/WhatsAppImage2025-12-15at7.49.40PM.jpg?v=1765808404","","unreviewed"
"9981682745642","Plain  Tamper Proof  Courier Bag without pocket","https://www.ecosoftindia.in/products/plain-tamper-proof-courier-bag-with-pod","50957624213802","8*12 / 100 / Free Delivery","","8*12","100","Free Delivery","304.00","true","https://cdn.shopify.com/s/files/1/0965/0018/7434/files/WhatsAppImage2025-12-15at7.49.40PM.jpg?v=1765808404","","unreviewed"
"9981682745642","Plain  Tamper Proof  Courier Bag without pocket","https://www.ecosoftindia.in/products/plain-tamper-proof-courier-bag-with-pod","50957624246570","8*12 / 500 / Free Delivery","","8*12","500","Free Delivery","1260.00","true","https://cdn.shopify.com/s/files/1/0965/0018/7434/files/WhatsAppImage2025-12-15at7.49.40PM.jpg?v=1765808404","","unreviewed"
"9981682745642","Plain  Tamper Proof  Courier Bag without pocket","https://www.ecosoftindia.in/products/plain-tamper-proof-courier-bag-with-pod","50957624279338","8*12 / 1000 / Free Delivery","","8*12","1000","Free Delivery","2425.00","true","https://cdn.shopify.com/s/files/1/0965/0018/7434/files/WhatsAppImage2025-12-15at7.49.40PM.jpg?v=1765808404","","unreviewed"
"9981682745642","Plain  Tamper Proof  Courier Bag without pocket","https://www.ecosoftindia.in/products/plain-tamper-proof-courier-bag-with-pod","51374498611498","10*12 / 50 / Free Delivery","","10*12","50","Free Delivery","238.00","true","https://cdn.shopify.com/s/files/1/0965/0018/7434/files/WhatsAppImage2025-12-15at7.49.40PM.jpg?v=1765808404","","unreviewed"
"9981682745642","Plain  Tamper Proof  Courier Bag without pocket","https://www.ecosoftindia.in/products/plain-tamper-proof-courier-bag-with-pod","50957624312106","10*12 / 100 / Free Delivery","","10*12","100","Free Delivery","367.00","true","https://cdn.shopify.com/s/files/1/0965/0018/7434/files/WhatsAppImage2025-12-15at7.49.40PM.jpg?v=1765808404","","unreviewed"
"9981682745642","Plain  Tamper Proof  Courier Bag without pocket","https://www.ecosoftindia.in/products/plain-tamper-proof-courier-bag-with-pod","50957624344874","10*12 / 500 / Free Delivery","","10*12","500","Free Delivery","1290.00","true","https://cdn.shopify.com/s/files/1/0965/0018/7434/files/WhatsAppImage2025-12-15at7.49.40PM.jpg?v=1765808404","","unreviewed"
"9981682745642","Plain  Tamper Proof  Courier Bag without pocket","https://www.ecosoftindia.in/products/plain-tamper-proof-courier-bag-with-pod","50957624377642","10*12 / 1000 / Free Delivery","","10*12","1000","Free Delivery","2330.00","true","https://cdn.shopify.com/s/files/1/0965/0018/7434/files/WhatsAppImage2025-12-15at7.49.40PM.jpg?v=1765808404","","unreviewed"
"9981682745642","Plain  Tamper Proof  Courier Bag without pocket","https://www.ecosoftindia.in/products/plain-tamper-proof-courier-bag-with-pod","51374498644266","10*14 / 50 / Free Delivery","","10*14","50","Free Delivery","247.00","true","https://cdn.shopify.com/s/files/1/0965/0018/7434/files/WhatsAppImage2025-12-15at7.49.40PM.jpg?v=1765808404","","unreviewed"
"9981682745642","Plain  Tamper Proof  Courier Bag without pocket","https://www.ecosoftindia.in/products/plain-tamper-proof-courier-bag-with-pod","50957624410410","10*14 / 100 / Free Delivery","","10*14","100","Free Delivery","381.00","true","https://cdn.shopify.com/s/files/1/0965/0018/7434/files/WhatsAppImage2025-12-15at7.49.40PM.jpg?v=1765808404","","unreviewed"
"9981682745642","Plain  Tamper Proof  Courier Bag without pocket","https://www.ecosoftindia.in/products/plain-tamper-proof-courier-bag-with-pod","50957624443178","10*14 / 500 / Free Delivery","","10*14","500","Free Delivery","1430.00","true","https://cdn.shopify.com/s/files/1/0965/0018/7434/files/WhatsAppImage2025-12-15at7.49.40PM.jpg?v=1765808404","","unreviewed"
"9981682745642","Plain  Tamper Proof  Courier Bag without pocket","https://www.ecosoftindia.in/products/plain-tamper-proof-courier-bag-with-pod","50957624475946","10*14 / 1000 / Free Delivery","","10*14","1000","Free Delivery","2700.00","true","https://cdn.shopify.com/s/files/1/0965/0018/7434/files/WhatsAppImage2025-12-15at7.49.40PM.jpg?v=1765808404","","unreviewed"
"9981682745642","Plain  Tamper Proof  Courier Bag without pocket","https://www.ecosoftindia.in/products/plain-tamper-proof-courier-bag-with-pod","51374498677034","12*14 / 50 / Free Delivery","","12*14","50","Free Delivery","287.00","true","https://cdn.shopify.com/s/files/1/0965/0018/7434/files/WhatsAppImage2025-12-15at7.49.40PM.jpg?v=1765808404","","unreviewed"
"9981682745642","Plain  Tamper Proof  Courier Bag without pocket","https://www.ecosoftindia.in/products/plain-tamper-proof-courier-bag-with-pod","50957624508714","12*14 / 100 / Free Delivery","","12*14","100","Free Delivery","442.00","true","https://cdn.shopify.com/s/files/1/0965/0018/7434/files/WhatsAppImage2025-12-15at7.49.40PM.jpg?v=1765808404","","unreviewed"
"9981682745642","Plain  Tamper Proof  Courier Bag without pocket","https://www.ecosoftindia.in/products/plain-tamper-proof-courier-bag-with-pod","50957624541482","12*14 / 500 / Free Delivery","","12*14","500","Free Delivery","1750.00","true","https://cdn.shopify.com/s/files/1/0965/0018/7434/files/WhatsAppImage2025-12-15at7.49.40PM.jpg?v=1765808404","","unreviewed"
"9981682745642","Plain  Tamper Proof  Courier Bag without pocket","https://www.ecosoftindia.in/products/plain-tamper-proof-courier-bag-with-pod","50957624574250","12*14 / 1000 / Free Delivery","","12*14","1000","Free Delivery","3200.00","true","https://cdn.shopify.com/s/files/1/0965/0018/7434/files/WhatsAppImage2025-12-15at7.49.40PM.jpg?v=1765808404","","unreviewed"
"9981682745642","Plain  Tamper Proof  Courier Bag without pocket","https://www.ecosoftindia.in/products/plain-tamper-proof-courier-bag-with-pod","51374498709802","12*16 / 50 / Free Delivery","","12*16","50","Free Delivery","305.00","true","https://cdn.shopify.com/s/files/1/0965/0018/7434/files/WhatsAppImage2025-12-15at7.49.40PM.jpg?v=1765808404","","unreviewed"
"9981682745642","Plain  Tamper Proof  Courier Bag without pocket","https://www.ecosoftindia.in/products/plain-tamper-proof-courier-bag-with-pod","50957624607018","12*16 / 100 / Free Delivery","","12*16","100","Free Delivery","470.00","true","https://cdn.shopify.com/s/files/1/0965/0018/7434/files/WhatsAppImage2025-12-15at7.49.40PM.jpg?v=1765808404","","unreviewed"
"9981682745642","Plain  Tamper Proof  Courier Bag without pocket","https://www.ecosoftindia.in/products/plain-tamper-proof-courier-bag-with-pod","50957624639786","12*16 / 500 / Free Delivery","","12*16","500","Free Delivery","2252.00","true","https://cdn.shopify.com/s/files/1/0965/0018/7434/files/WhatsAppImage2025-12-15at7.49.40PM.jpg?v=1765808404","","unreviewed"
"9981682745642","Plain  Tamper Proof  Courier Bag without pocket","https://www.ecosoftindia.in/products/plain-tamper-proof-courier-bag-with-pod","50957624672554","12*16 / 1000 / Free Delivery","","12*16","1000","Free Delivery","4504.00","true","https://cdn.shopify.com/s/files/1/0965/0018/7434/files/WhatsAppImage2025-12-15at7.49.40PM.jpg?v=1765808404","","unreviewed"
"9981682745642","Plain  Tamper Proof  Courier Bag without pocket","https://www.ecosoftindia.in/products/plain-tamper-proof-courier-bag-with-pod","51374498742570","14*18 / 50 / Free Delivery","","14*18","50","Free Delivery","362.00","true","https://cdn.shopify.com/s/files/1/0965/0018/7434/files/WhatsAppImage2025-12-15at7.49.40PM.jpg?v=1765808404","","unreviewed"
"9981682745642","Plain  Tamper Proof  Courier Bag without pocket","https://www.ecosoftindia.in/products/plain-tamper-proof-courier-bag-with-pod","50957624705322","14*18 / 100 / Free Delivery","","14*18","100","Free Delivery","558.00","true","https://cdn.shopify.com/s/files/1/0965/0018/7434/files/WhatsAppImage2025-12-15at7.49.40PM.jpg?v=1765808404","","unreviewed"
"9981682745642","Plain  Tamper Proof  Courier Bag without pocket","https://www.ecosoftindia.in/products/plain-tamper-proof-courier-bag-with-pod","50957624738090","14*18 / 500 / Free Delivery","","14*18","500","Free Delivery","2250.00","true","https://cdn.shopify.com/s/files/1/0965/0018/7434/files/WhatsAppImage2025-12-15at7.49.40PM.jpg?v=1765808404","","unreviewed"
"9981682745642","Plain  Tamper Proof  Courier Bag without pocket","https://www.ecosoftindia.in/products/plain-tamper-proof-courier-bag-with-pod","50957624770858","14*18 / 1000 / Free Delivery","","14*18","1000","Free Delivery","4400.00","true","https://cdn.shopify.com/s/files/1/0965/0018/7434/files/WhatsAppImage2025-12-15at7.49.40PM.jpg?v=1765808404","","unreviewed"
"9981682745642","Plain  Tamper Proof  Courier Bag without pocket","https://www.ecosoftindia.in/products/plain-tamper-proof-courier-bag-with-pod","51374498775338","16*20 / 50 / Free Delivery","","16*20","50","Free Delivery","479.00","true","https://cdn.shopify.com/s/files/1/0965/0018/7434/files/WhatsAppImage2025-12-15at7.49.40PM.jpg?v=1765808404","","unreviewed"
"9981682745642","Plain  Tamper Proof  Courier Bag without pocket","https://www.ecosoftindia.in/products/plain-tamper-proof-courier-bag-with-pod","50957624803626","16*20 / 100 / Free Delivery","","16*20","100","Free Delivery","738.00","true","https://cdn.shopify.com/s/files/1/0965/0018/7434/files/WhatsAppImage2025-12-15at7.49.40PM.jpg?v=1765808404","","unreviewed"
"9981682745642","Plain  Tamper Proof  Courier Bag without pocket","https://www.ecosoftindia.in/products/plain-tamper-proof-courier-bag-with-pod","50957624836394","16*20 / 500 / Free Delivery","","16*20","500","Free Delivery","2999.00","true","https://cdn.shopify.com/s/files/1/0965/0018/7434/files/WhatsAppImage2025-12-15at7.49.40PM.jpg?v=1765808404","","unreviewed"
"9981682745642","Plain  Tamper Proof  Courier Bag without pocket","https://www.ecosoftindia.in/products/plain-tamper-proof-courier-bag-with-pod","50957624869162","16*20 / 1000 / Free Delivery","","16*20","1000","Free Delivery","4999.00","true","https://cdn.shopify.com/s/files/1/0965/0018/7434/files/WhatsAppImage2025-12-15at7.49.40PM.jpg?v=1765808404","","unreviewed"
"9981682745642","Plain  Tamper Proof  Courier Bag without pocket","https://www.ecosoftindia.in/products/plain-tamper-proof-courier-bag-with-pod","51374498808106","18*22 / 50 / Free Delivery","","18*22","50","Free Delivery","585.00","true","https://cdn.shopify.com/s/files/1/0965/0018/7434/files/WhatsAppImage2025-12-15at7.49.40PM.jpg?v=1765808404","","unreviewed"
"9981682745642","Plain  Tamper Proof  Courier Bag without pocket","https://www.ecosoftindia.in/products/plain-tamper-proof-courier-bag-with-pod","50957624901930","18*22 / 100 / Free Delivery","","18*22","100","Free Delivery","900.00","true","https://cdn.shopify.com/s/files/1/0965/0018/7434/files/WhatsAppImage2025-12-15at7.49.40PM.jpg?v=1765808404","","unreviewed"
"9981682745642","Plain  Tamper Proof  Courier Bag without pocket","https://www.ecosoftindia.in/products/plain-tamper-proof-courier-bag-with-pod","50957624934698","18*22 / 500 / Free Delivery","","18*22","500","Free Delivery","3650.00","true","https://cdn.shopify.com/s/files/1/0965/0018/7434/files/WhatsAppImage2025-12-15at7.49.40PM.jpg?v=1765808404","","unreviewed"
"9981682745642","Plain  Tamper Proof  Courier Bag without pocket","https://www.ecosoftindia.in/products/plain-tamper-proof-courier-bag-with-pod","50957624967466","18*22 / 1000 / Free Delivery","","18*22","1000","Free Delivery","6999.00","true","https://cdn.shopify.com/s/files/1/0965/0018/7434/files/WhatsAppImage2025-12-15at7.49.40PM.jpg?v=1765808404","","unreviewed"
"9981682745642","Plain  Tamper Proof  Courier Bag without pocket","https://www.ecosoftindia.in/products/plain-tamper-proof-courier-bag-with-pod","51374498840874","22*24 / 50 / Free Delivery","","22*24","50","Free Delivery","531.00","false","https://cdn.shopify.com/s/files/1/0965/0018/7434/files/WhatsAppImage2025-12-15at7.49.40PM.jpg?v=1765808404","","unreviewed"
"9981682745642","Plain  Tamper Proof  Courier Bag without pocket","https://www.ecosoftindia.in/products/plain-tamper-proof-courier-bag-with-pod","50957625000234","22*24 / 100 / Free Delivery","","22*24","100","Free Delivery","909.00","false","https://cdn.shopify.com/s/files/1/0965/0018/7434/files/WhatsAppImage2025-12-15at7.49.40PM.jpg?v=1765808404","","unreviewed"
"9981682745642","Plain  Tamper Proof  Courier Bag without pocket","https://www.ecosoftindia.in/products/plain-tamper-proof-courier-bag-with-pod","50957625033002","22*24 / 500 / Free Delivery","","22*24","500","Free Delivery","4366.00","false","https://cdn.shopify.com/s/files/1/0965/0018/7434/files/WhatsAppImage2025-12-15at7.49.40PM.jpg?v=1765808404","","unreviewed"
"9981682745642","Plain  Tamper Proof  Courier Bag without pocket","https://www.ecosoftindia.in/products/plain-tamper-proof-courier-bag-with-pod","50957625065770","22*24 / 1000 / Free Delivery","","22*24","1000","Free Delivery","4332.00","false","https://cdn.shopify.com/s/files/1/0965/0018/7434/files/WhatsAppImage2025-12-15at7.49.40PM.jpg?v=1765808404","","unreviewed"
"9981682745642","Plain  Tamper Proof  Courier Bag without pocket","https://www.ecosoftindia.in/products/plain-tamper-proof-courier-bag-with-pod","52053722464554","25x28 / 50 / Free Delivery","","25x28","50","Free Delivery","149.00","false","https://cdn.shopify.com/s/files/1/0965/0018/7434/files/WhatsAppImage2025-12-15at7.49.40PM.jpg?v=1765808404","","unreviewed"
"9981682745642","Plain  Tamper Proof  Courier Bag without pocket","https://www.ecosoftindia.in/products/plain-tamper-proof-courier-bag-with-pod","52053722497322","25x28 / 100 / Free Delivery","","25x28","100","Free Delivery","149.00","false","https://cdn.shopify.com/s/files/1/0965/0018/7434/files/WhatsAppImage2025-12-15at7.49.40PM.jpg?v=1765808404","","unreviewed"
"9981682745642","Plain  Tamper Proof  Courier Bag without pocket","https://www.ecosoftindia.in/products/plain-tamper-proof-courier-bag-with-pod","52053722530090","25x28 / 500 / Free Delivery","","25x28","500","Free Delivery","149.00","false","https://cdn.shopify.com/s/files/1/0965/0018/7434/files/WhatsAppImage2025-12-15at7.49.40PM.jpg?v=1765808404","","unreviewed"
"9981682745642","Plain  Tamper Proof  Courier Bag without pocket","https://www.ecosoftindia.in/products/plain-tamper-proof-courier-bag-with-pod","52053722562858","25x28 / 1000 / Free Delivery","","25x28","1000","Free Delivery","149.00","false","https://cdn.shopify.com/s/files/1/0965/0018/7434/files/WhatsAppImage2025-12-15at7.49.40PM.jpg?v=1765808404","","unreviewed"
"9982266507562","Myntra Tape","https://www.ecosoftindia.in/products/myntra-tape-use-for-packaging","50956636586282","3 inch 130m / 1 / Free Delivery","","3 inch 130m","1","Free Delivery","253.00","true","https://cdn.shopify.com/s/files/1/0965/0018/7434/files/WhatsApp_Image_2025-12-16_at_1.13.32_PM_1.jpg?v=1765871121","","unreviewed"
"9982266507562","Myntra Tape","https://www.ecosoftindia.in/products/myntra-tape-use-for-packaging","50956854788394","3 inch 130m / 3 / Free Delivery","","3 inch 130m","3","Free Delivery","653.00","true","https://cdn.shopify.com/s/files/1/0965/0018/7434/files/WhatsApp_Image_2025-12-16_at_1.13.32_PM_1.jpg?v=1765871121","","unreviewed"
"9982266507562","Myntra Tape","https://www.ecosoftindia.in/products/myntra-tape-use-for-packaging","50956854821162","3 inch 130m / 6 / Free Delivery","","3 inch 130m","6","Free Delivery","1305.00","true","https://cdn.shopify.com/s/files/1/0965/0018/7434/files/WhatsApp_Image_2025-12-16_at_1.13.32_PM_1.jpg?v=1765871121","","unreviewed"
"9982266507562","Myntra Tape","https://www.ecosoftindia.in/products/myntra-tape-use-for-packaging","50956854853930","3 inch 130m / 12 / Free Delivery","","3 inch 130m","12","Free Delivery","2430.00","true","https://cdn.shopify.com/s/files/1/0965/0018/7434/files/WhatsApp_Image_2025-12-16_at_1.13.32_PM_1.jpg?v=1765871121","","unreviewed"
"9981681729834","Myntra Paper Courier Bags","https://www.ecosoftindia.in/products/myntra-paper-courier-bags-with-lamination","50957729268010","7.5*8 / 100 / Free Delivery","","7.5*8","100","Free Delivery","270.00","false","https://cdn.shopify.com/s/files/1/0965/0018/7434/files/WhatsApp_Image_2025-12-15_at_7.38.24_PM_1.jpg?v=1765807790","","unreviewed"
"9981681729834","Myntra Paper Courier Bags","https://www.ecosoftindia.in/products/myntra-paper-courier-bags-with-lamination","50957729300778","7.5*8 / 500 / Free Delivery","","7.5*8","500","Free Delivery","996.00","false","https://cdn.shopify.com/s/files/1/0965/0018/7434/files/WhatsApp_Image_2025-12-15_at_7.38.24_PM_1.jpg?v=1765807790","","unreviewed"
"9981681729834","Myntra Paper Courier Bags","https://www.ecosoftindia.in/products/myntra-paper-courier-bags-with-lamination","50957729333546","7.5*8 / 1000 / Free Delivery","","7.5*8","1000","Free Delivery","2270.00","false","https://cdn.shopify.com/s/files/1/0965/0018/7434/files/WhatsApp_Image_2025-12-15_at_7.38.24_PM_1.jpg?v=1765807790","","unreviewed"
"9981681729834","Myntra Paper Courier Bags","https://www.ecosoftindia.in/products/myntra-paper-courier-bags-with-lamination","50957729366314","9*11 / 100 / Free Delivery","","9*11","100","Free Delivery","450.00","false","https://cdn.shopify.com/s/files/1/0965/0018/7434/files/WhatsApp_Image_2025-12-15_at_7.38.24_PM_1.jpg?v=1765807790","","unreviewed"
"9981681729834","Myntra Paper Courier Bags","https://www.ecosoftindia.in/products/myntra-paper-courier-bags-with-lamination","50957729399082","9*11 / 500 / Free Delivery","","9*11","500","Free Delivery","2093.00","false","https://cdn.shopify.com/s/files/1/0965/0018/7434/files/WhatsApp_Image_2025-12-15_at_7.38.24_PM_1.jpg?v=1765807790","","unreviewed"
"9981681729834","Myntra Paper Courier Bags","https://www.ecosoftindia.in/products/myntra-paper-courier-bags-with-lamination","50957729431850","9*11 / 1000 / Free Delivery","","9*11","1000","Free Delivery","4183.40","false","https://cdn.shopify.com/s/files/1/0965/0018/7434/files/WhatsApp_Image_2025-12-15_at_7.38.24_PM_1.jpg?v=1765807790","","unreviewed"
"9981681729834","Myntra Paper Courier Bags","https://www.ecosoftindia.in/products/myntra-paper-courier-bags-with-lamination","50957729464618","11*14 / 100 / Free Delivery","","11*14","100","Free Delivery","691.60","true","https://cdn.shopify.com/s/files/1/0965/0018/7434/files/WhatsApp_Image_2025-12-15_at_7.38.24_PM_1.jpg?v=1765807790","","unreviewed"
"9981681729834","Myntra Paper Courier Bags","https://www.ecosoftindia.in/products/myntra-paper-courier-bags-with-lamination","50957729497386","11*14 / 500 / Free Delivery","","11*14","500","Free Delivery","2699.00","true","https://cdn.shopify.com/s/files/1/0965/0018/7434/files/WhatsApp_Image_2025-12-15_at_7.38.24_PM_1.jpg?v=1765807790","","unreviewed"
"9981681729834","Myntra Paper Courier Bags","https://www.ecosoftindia.in/products/myntra-paper-courier-bags-with-lamination","50957729530154","11*14 / 1000 / Free Delivery","","11*14","1000","Free Delivery","4999.00","true","https://cdn.shopify.com/s/files/1/0965/0018/7434/files/WhatsApp_Image_2025-12-15_at_7.38.24_PM_1.jpg?v=1765807790","","unreviewed"
"9981681729834","Myntra Paper Courier Bags","https://www.ecosoftindia.in/products/myntra-paper-courier-bags-with-lamination","50957729562922","13*14 / 100 / Free Delivery","","13*14","100","Free Delivery","796.90","true","https://cdn.shopify.com/s/files/1/0965/0018/7434/files/WhatsApp_Image_2025-12-15_at_7.38.24_PM_1.jpg?v=1765807790","","unreviewed"
"9981681729834","Myntra Paper Courier Bags","https://www.ecosoftindia.in/products/myntra-paper-courier-bags-with-lamination","50957729595690","13*14 / 500 / Free Delivery","","13*14","500","Free Delivery","3399.00","true","https://cdn.shopify.com/s/files/1/0965/0018/7434/files/WhatsApp_Image_2025-12-15_at_7.38.24_PM_1.jpg?v=1765807790","","unreviewed"
"9981681729834","Myntra Paper Courier Bags","https://www.ecosoftindia.in/products/myntra-paper-courier-bags-with-lamination","50957729628458","13*14 / 1000 / Free Delivery","","13*14","1000","Free Delivery","5999.00","true","https://cdn.shopify.com/s/files/1/0965/0018/7434/files/WhatsApp_Image_2025-12-15_at_7.38.24_PM_1.jpg?v=1765807790","","unreviewed"
"9981681729834","Myntra Paper Courier Bags","https://www.ecosoftindia.in/products/myntra-paper-courier-bags-with-lamination","50957729661226","14*16 / 100 / Free Delivery","","14*16","100","Free Delivery","1248.00","false","https://cdn.shopify.com/s/files/1/0965/0018/7434/files/WhatsApp_Image_2025-12-15_at_7.38.24_PM_1.jpg?v=1765807790","","unreviewed"
"9981681729834","Myntra Paper Courier Bags","https://www.ecosoftindia.in/products/myntra-paper-courier-bags-with-lamination","50957729693994","14*16 / 500 / Free Delivery","","14*16","500","Free Delivery","4326.40","false","https://cdn.shopify.com/s/files/1/0965/0018/7434/files/WhatsApp_Image_2025-12-15_at_7.38.24_PM_1.jpg?v=1765807790","","unreviewed"
"9981681729834","Myntra Paper Courier Bags","https://www.ecosoftindia.in/products/myntra-paper-courier-bags-with-lamination","50957729726762","14*16 / 1000 / Free Delivery","","14*16","1000","Free Delivery","8651.50","false","https://cdn.shopify.com/s/files/1/0965/0018/7434/files/WhatsApp_Image_2025-12-15_at_7.38.24_PM_1.jpg?v=1765807790","","unreviewed"
"9981681729834","Myntra Paper Courier Bags","https://www.ecosoftindia.in/products/myntra-paper-courier-bags-with-lamination","50957729759530","15*18 / 100 / Free Delivery","","15*18","100","Free Delivery","1097.20","true","https://cdn.shopify.com/s/files/1/0965/0018/7434/files/WhatsApp_Image_2025-12-15_at_7.38.24_PM_1.jpg?v=1765807790","","unreviewed"
"9981681729834","Myntra Paper Courier Bags","https://www.ecosoftindia.in/products/myntra-paper-courier-bags-with-lamination","50957729792298","15*18 / 500 / Free Delivery","","15*18","500","Free Delivery","4499.00","true","https://cdn.shopify.com/s/files/1/0965/0018/7434/files/WhatsApp_Image_2025-12-15_at_7.38.24_PM_1.jpg?v=1765807790","","unreviewed"
"9981681729834","Myntra Paper Courier Bags","https://www.ecosoftindia.in/products/myntra-paper-courier-bags-with-lamination","50957729825066","15*18 / 1000 / Free Delivery","","15*18","1000","Free Delivery","7999.00","true","https://cdn.shopify.com/s/files/1/0965/0018/7434/files/WhatsApp_Image_2025-12-15_at_7.38.24_PM_1.jpg?v=1765807790","","unreviewed"
"9981681729834","Myntra Paper Courier Bags","https://www.ecosoftindia.in/products/myntra-paper-courier-bags-with-lamination","50957729857834","17*21 / 100 / Free Delivery","","17*21","100","Free Delivery","1553.50","true","https://cdn.shopify.com/s/files/1/0965/0018/7434/files/WhatsApp_Image_2025-12-15_at_7.38.24_PM_1.jpg?v=1765807790","","unreviewed"
"9981681729834","Myntra Paper Courier Bags","https://www.ecosoftindia.in/products/myntra-paper-courier-bags-with-lamination","50957729890602","17*21 / 500 / Free Delivery","","17*21","500","Free Delivery","4999.00","true","https://cdn.shopify.com/s/files/1/0965/0018/7434/files/WhatsApp_Image_2025-12-15_at_7.38.24_PM_1.jpg?v=1765807790","","unreviewed"
"9981681729834","Myntra Paper Courier Bags","https://www.ecosoftindia.in/products/myntra-paper-courier-bags-with-lamination","50957729923370","17*21 / 1000 / Free Delivery","","17*21","1000","Free Delivery","7463.00","true","https://cdn.shopify.com/s/files/1/0965/0018/7434/files/WhatsApp_Image_2025-12-15_at_7.38.24_PM_1.jpg?v=1765807790","","unreviewed"
"9982273585450","Meesho Tape","https://www.ecosoftindia.in/products/meesho-tape","50956718604586","2 inch 130 / 1 / Free Delivery","","2 inch 130","1","Free Delivery","198.00","true","https://cdn.shopify.com/s/files/1/0965/0018/7434/files/WhatsAppImage2025-12-16at1.24.07PM.jpg?v=1765871696","","unreviewed"
"9982273585450","Meesho Tape","https://www.ecosoftindia.in/products/meesho-tape","50956876611882","2 inch 130 / 3 / Free Delivery","","2 inch 130","3","Free Delivery","435.00","true","https://cdn.shopify.com/s/files/1/0965/0018/7434/files/WhatsAppImage2025-12-16at1.24.07PM.jpg?v=1765871696","","unreviewed"
"9982273585450","Meesho Tape","https://www.ecosoftindia.in/products/meesho-tape","50956876644650","2 inch 130 / 6 / Free Delivery","","2 inch 130","6","Free Delivery","870.00","true","https://cdn.shopify.com/s/files/1/0965/0018/7434/files/WhatsAppImage2025-12-16at1.24.07PM.jpg?v=1765871696","","unreviewed"
"9982273585450","Meesho Tape","https://www.ecosoftindia.in/products/meesho-tape","50956876677418","2 inch 130 / 12 / Free Delivery","","2 inch 130","12","Free Delivery","1620.00","true","https://cdn.shopify.com/s/files/1/0965/0018/7434/files/WhatsAppImage2025-12-16at1.24.07PM.jpg?v=1765871696","","unreviewed"
"9981502619946","Meesho non  transparent  without pocket ( 100% barcode working )","https://www.ecosoftindia.in/products/meesho-non-transparent-without-pocket","51374490681642","6*8 / 50 / Free Delivery","","6*8","50","Free Delivery","179.00","true","https://cdn.shopify.com/s/files/1/0965/0018/7434/files/WhatsAppImage2025-12-15at3.58.09PM_0a0df8a6-dbd8-47b3-8c8e-3f5534a51bd3.jpg?v=1765794588","","unreviewed"
"9981502619946","Meesho non  transparent  without pocket ( 100% barcode working )","https://www.ecosoftindia.in/products/meesho-non-transparent-without-pocket","50954147922218","6*8 / 100 / Free Delivery","","6*8","100","Free Delivery","239.00","true","https://cdn.shopify.com/s/files/1/0965/0018/7434/files/WhatsAppImage2025-12-15at3.58.09PM_0a0df8a6-dbd8-47b3-8c8e-3f5534a51bd3.jpg?v=1765794588","","unreviewed"
"9981502619946","Meesho non  transparent  without pocket ( 100% barcode working )","https://www.ecosoftindia.in/products/meesho-non-transparent-without-pocket","50954147954986","6*8 / 500 / Free Delivery","","6*8","500","Free Delivery","799.00","true","https://cdn.shopify.com/s/files/1/0965/0018/7434/files/WhatsAppImage2025-12-15at3.58.09PM_0a0df8a6-dbd8-47b3-8c8e-3f5534a51bd3.jpg?v=1765794588","","unreviewed"
"9981502619946","Meesho non  transparent  without pocket ( 100% barcode working )","https://www.ecosoftindia.in/products/meesho-non-transparent-without-pocket","50954147987754","6*8 / 1000 / Free Delivery","","6*8","1000","Free Delivery","1399.00","true","https://cdn.shopify.com/s/files/1/0965/0018/7434/files/WhatsAppImage2025-12-15at3.58.09PM_0a0df8a6-dbd8-47b3-8c8e-3f5534a51bd3.jpg?v=1765794588","","unreviewed"
"9981502619946","Meesho non  transparent  without pocket ( 100% barcode working )","https://www.ecosoftindia.in/products/meesho-non-transparent-without-pocket","51374490714410","8*10 / 50 / Free Delivery","","8*10","50","Free Delivery","249.00","true","https://cdn.shopify.com/s/files/1/0965/0018/7434/files/WhatsAppImage2025-12-15at3.58.09PM_0a0df8a6-dbd8-47b3-8c8e-3f5534a51bd3.jpg?v=1765794588","","unreviewed"
"9981502619946","Meesho non  transparent  without pocket ( 100% barcode working )","https://www.ecosoftindia.in/products/meesho-non-transparent-without-pocket","50954148086058","8*10 / 100 / Free Delivery","","8*10","100","Free Delivery","349.00","true","https://cdn.shopify.com/s/files/1/0965/0018/7434/files/WhatsAppImage2025-12-15at3.58.09PM_0a0df8a6-dbd8-47b3-8c8e-3f5534a51bd3.jpg?v=1765794588","","unreviewed"
"9981502619946","Meesho non  transparent  without pocket ( 100% barcode working )","https://www.ecosoftindia.in/products/meesho-non-transparent-without-pocket","50954148118826","8*10 / 500 / Free Delivery","","8*10","500","Free Delivery","1099.00","true","https://cdn.shopify.com/s/files/1/0965/0018/7434/files/WhatsAppImage2025-12-15at3.58.09PM_0a0df8a6-dbd8-47b3-8c8e-3f5534a51bd3.jpg?v=1765794588","","unreviewed"
"9981502619946","Meesho non  transparent  without pocket ( 100% barcode working )","https://www.ecosoftindia.in/products/meesho-non-transparent-without-pocket","50954148151594","8*10 / 1000 / Free Delivery","","8*10","1000","Free Delivery","1999.00","true","https://cdn.shopify.com/s/files/1/0965/0018/7434/files/WhatsAppImage2025-12-15at3.58.09PM_0a0df8a6-dbd8-47b3-8c8e-3f5534a51bd3.jpg?v=1765794588","","unreviewed"
"9981502619946","Meesho non  transparent  without pocket ( 100% barcode working )","https://www.ecosoftindia.in/products/meesho-non-transparent-without-pocket","51374490779946","10*14 / 50 / Free Delivery","","10*14","50","Free Delivery","299.00","true","https://cdn.shopify.com/s/files/1/0965/0018/7434/files/WhatsAppImage2025-12-15at3.58.09PM_0a0df8a6-dbd8-47b3-8c8e-3f5534a51bd3.jpg?v=1765794588","","unreviewed"
"9981502619946","Meesho non  transparent  without pocket ( 100% barcode working )","https://www.ecosoftindia.in/products/meesho-non-transparent-without-pocket","50954148413738","10*14 / 100 / Free Delivery","","10*14","100","Free Delivery","449.00","true","https://cdn.shopify.com/s/files/1/0965/0018/7434/files/WhatsAppImage2025-12-15at3.58.09PM_0a0df8a6-dbd8-47b3-8c8e-3f5534a51bd3.jpg?v=1765794588","","unreviewed"
"9981502619946","Meesho non  transparent  without pocket ( 100% barcode working )","https://www.ecosoftindia.in/products/meesho-non-transparent-without-pocket","50954148446506","10*14 / 500 / Free Delivery","","10*14","500","Free Delivery","1599.00","true","https://cdn.shopify.com/s/files/1/0965/0018/7434/files/WhatsAppImage2025-12-15at3.58.09PM_0a0df8a6-dbd8-47b3-8c8e-3f5534a51bd3.jpg?v=1765794588","","unreviewed"
"9981502619946","Meesho non  transparent  without pocket ( 100% barcode working )","https://www.ecosoftindia.in/products/meesho-non-transparent-without-pocket","50954148479274","10*14 / 1000 / Free Delivery","","10*14","1000","Free Delivery","2915.00","true","https://cdn.shopify.com/s/files/1/0965/0018/7434/files/WhatsAppImage2025-12-15at3.58.09PM_0a0df8a6-dbd8-47b3-8c8e-3f5534a51bd3.jpg?v=1765794588","","unreviewed"
"9981502619946","Meesho non  transparent  without pocket ( 100% barcode working )","https://www.ecosoftindia.in/products/meesho-non-transparent-without-pocket","51374490845482","12*16 / 50 / Free Delivery","","12*16","50","Free Delivery","349.00","true","https://cdn.shopify.com/s/files/1/0965/0018/7434/files/WhatsAppImage2025-12-15at3.58.09PM_0a0df8a6-dbd8-47b3-8c8e-3f5534a51bd3.jpg?v=1765794588","","unreviewed"
"9981502619946","Meesho non  transparent  without pocket ( 100% barcode working )","https://www.ecosoftindia.in/products/meesho-non-transparent-without-pocket","50954148741418","12*16 / 100 / Free Delivery","","12*16","100","Free Delivery","499.00","true","https://cdn.shopify.com/s/files/1/0965/0018/7434/files/WhatsAppImage2025-12-15at3.58.09PM_0a0df8a6-dbd8-47b3-8c8e-3f5534a51bd3.jpg?v=1765794588","","unreviewed"
"9981502619946","Meesho non  transparent  without pocket ( 100% barcode working )","https://www.ecosoftindia.in/products/meesho-non-transparent-without-pocket","50954148774186","12*16 / 500 / Free Delivery","","12*16","500","Free Delivery","2099.00","true","https://cdn.shopify.com/s/files/1/0965/0018/7434/files/WhatsAppImage2025-12-15at3.58.09PM_0a0df8a6-dbd8-47b3-8c8e-3f5534a51bd3.jpg?v=1765794588","","unreviewed"
"9981502619946","Meesho non  transparent  without pocket ( 100% barcode working )","https://www.ecosoftindia.in/products/meesho-non-transparent-without-pocket","50954148806954","12*16 / 1000 / Free Delivery","","12*16","1000","Free Delivery","4125.00","true","https://cdn.shopify.com/s/files/1/0965/0018/7434/files/WhatsAppImage2025-12-15at3.58.09PM_0a0df8a6-dbd8-47b3-8c8e-3f5534a51bd3.jpg?v=1765794588","","unreviewed"
"9981502619946","Meesho non  transparent  without pocket ( 100% barcode working )","https://www.ecosoftindia.in/products/meesho-non-transparent-without-pocket","51374490878250","14*18 / 50 / Free Delivery","","14*18","50","Free Delivery","399.00","true","https://cdn.shopify.com/s/files/1/0965/0018/7434/files/WhatsAppImage2025-12-15at3.58.09PM_0a0df8a6-dbd8-47b3-8c8e-3f5534a51bd3.jpg?v=1765794588","","unreviewed"
"9981502619946","Meesho non  transparent  without pocket ( 100% barcode working )","https://www.ecosoftindia.in/products/meesho-non-transparent-without-pocket","50954148905258","14*18 / 100 / Free Delivery","","14*18","100","Free Delivery","599.00","true","https://cdn.shopify.com/s/files/1/0965/0018/7434/files/WhatsAppImage2025-12-15at3.58.09PM_0a0df8a6-dbd8-47b3-8c8e-3f5534a51bd3.jpg?v=1765794588","","unreviewed"
"9981502619946","Meesho non  transparent  without pocket ( 100% barcode working )","https://www.ecosoftindia.in/products/meesho-non-transparent-without-pocket","50954148938026","14*18 / 500 / Free Delivery","","14*18","500","Free Delivery","2499.00","true","https://cdn.shopify.com/s/files/1/0965/0018/7434/files/WhatsAppImage2025-12-15at3.58.09PM_0a0df8a6-dbd8-47b3-8c8e-3f5534a51bd3.jpg?v=1765794588","","unreviewed"
"9981502619946","Meesho non  transparent  without pocket ( 100% barcode working )","https://www.ecosoftindia.in/products/meesho-non-transparent-without-pocket","50954148970794","14*18 / 1000 / Free Delivery","","14*18","1000","Free Delivery","4999.00","true","https://cdn.shopify.com/s/files/1/0965/0018/7434/files/WhatsAppImage2025-12-15at3.58.09PM_0a0df8a6-dbd8-47b3-8c8e-3f5534a51bd3.jpg?v=1765794588","","unreviewed"
"9981502619946","Meesho non  transparent  without pocket ( 100% barcode working )","https://www.ecosoftindia.in/products/meesho-non-transparent-without-pocket","51374490911018","16*20 / 50 / Free Delivery","","16*20","50","Free Delivery","499.00","true","https://cdn.shopify.com/s/files/1/0965/0018/7434/files/WhatsAppImage2025-12-15at3.58.09PM_0a0df8a6-dbd8-47b3-8c8e-3f5534a51bd3.jpg?v=1765794588","","unreviewed"
"9981502619946","Meesho non  transparent  without pocket ( 100% barcode working )","https://www.ecosoftindia.in/products/meesho-non-transparent-without-pocket","50954149069098","16*20 / 100 / Free Delivery","","16*20","100","Free Delivery","799.00","true","https://cdn.shopify.com/s/files/1/0965/0018/7434/files/WhatsAppImage2025-12-15at3.58.09PM_0a0df8a6-dbd8-47b3-8c8e-3f5534a51bd3.jpg?v=1765794588","","unreviewed"
"9981502619946","Meesho non  transparent  without pocket ( 100% barcode working )","https://www.ecosoftindia.in/products/meesho-non-transparent-without-pocket","50954149101866","16*20 / 500 / Free Delivery","","16*20","500","Free Delivery","3499.00","true","https://cdn.shopify.com/s/files/1/0965/0018/7434/files/WhatsAppImage2025-12-15at3.58.09PM_0a0df8a6-dbd8-47b3-8c8e-3f5534a51bd3.jpg?v=1765794588","","unreviewed"
"9981502619946","Meesho non  transparent  without pocket ( 100% barcode working )","https://www.ecosoftindia.in/products/meesho-non-transparent-without-pocket","50954149134634","16*20 / 1000 / Free Delivery","","16*20","1000","Free Delivery","6499.00","true","https://cdn.shopify.com/s/files/1/0965/0018/7434/files/WhatsAppImage2025-12-15at3.58.09PM_0a0df8a6-dbd8-47b3-8c8e-3f5534a51bd3.jpg?v=1765794588","","unreviewed"
"9981502619946","Meesho non  transparent  without pocket ( 100% barcode working )","https://www.ecosoftindia.in/products/meesho-non-transparent-without-pocket","51374490943786","22*24 / 50 / Free Delivery","","22*24","50","Free Delivery","699.00","true","https://cdn.shopify.com/s/files/1/0965/0018/7434/files/WhatsAppImage2025-12-15at3.58.09PM_0a0df8a6-dbd8-47b3-8c8e-3f5534a51bd3.jpg?v=1765794588","","unreviewed"
"9981502619946","Meesho non  transparent  without pocket ( 100% barcode working )","https://www.ecosoftindia.in/products/meesho-non-transparent-without-pocket","50954149232938","22*24 / 100 / Free Delivery","","22*24","100","Free Delivery","1299.00","true","https://cdn.shopify.com/s/files/1/0965/0018/7434/files/WhatsAppImage2025-12-15at3.58.09PM_0a0df8a6-dbd8-47b3-8c8e-3f5534a51bd3.jpg?v=1765794588","","unreviewed"
"9981502619946","Meesho non  transparent  without pocket ( 100% barcode working )","https://www.ecosoftindia.in/products/meesho-non-transparent-without-pocket","50954149265706","22*24 / 500 / Free Delivery","","22*24","500","Free Delivery","5499.00","true","https://cdn.shopify.com/s/files/1/0965/0018/7434/files/WhatsAppImage2025-12-15at3.58.09PM_0a0df8a6-dbd8-47b3-8c8e-3f5534a51bd3.jpg?v=1765794588","","unreviewed"
"9981502619946","Meesho non  transparent  without pocket ( 100% barcode working )","https://www.ecosoftindia.in/products/meesho-non-transparent-without-pocket","50954149298474","22*24 / 1000 / Free Delivery","","22*24","1000","Free Delivery","10299.00","true","https://cdn.shopify.com/s/files/1/0965/0018/7434/files/WhatsAppImage2025-12-15at3.58.09PM_0a0df8a6-dbd8-47b3-8c8e-3f5534a51bd3.jpg?v=1765794588","","unreviewed"
"10003050365226","Green Plain Tamper Proof  Courier Bag with Pocket","https://www.ecosoftindia.in/products/green-plain-tamper-proof-courier-bag-with-pocket","51008925597994","6*8 / 100 / Free Delivery","","6*8","100","Free Delivery","249.00","true","https://cdn.shopify.com/s/files/1/0965/0018/7434/files/WhatsAppImage2025-12-31at5.03.22PM_d1972c6f-b754-43a8-8a11-a0dde468cd05.jpg?v=1767180861","","unreviewed"
"10003050365226","Green Plain Tamper Proof  Courier Bag with Pocket","https://www.ecosoftindia.in/products/green-plain-tamper-proof-courier-bag-with-pocket","51444759363882","6*8 / 500 / Free Delivery","","6*8","500","Free Delivery","749.00","true","https://cdn.shopify.com/s/files/1/0965/0018/7434/files/WhatsAppImage2025-12-31at5.03.22PM_d1972c6f-b754-43a8-8a11-a0dde468cd05.jpg?v=1767180861","","unreviewed"
"10003050365226","Green Plain Tamper Proof  Courier Bag with Pocket","https://www.ecosoftindia.in/products/green-plain-tamper-proof-courier-bag-with-pocket","51008925630762","8*10 / 100 / Free Delivery","","8*10","100","Free Delivery","399.00","true","https://cdn.shopify.com/s/files/1/0965/0018/7434/files/WhatsAppImage2025-12-31at5.03.22PM_d1972c6f-b754-43a8-8a11-a0dde468cd05.jpg?v=1767180861","","unreviewed"
"10003050365226","Green Plain Tamper Proof  Courier Bag with Pocket","https://www.ecosoftindia.in/products/green-plain-tamper-proof-courier-bag-with-pocket","51444759396650","8*10 / 500 / Free Delivery","","8*10","500","Free Delivery","1049.00","true","https://cdn.shopify.com/s/files/1/0965/0018/7434/files/WhatsAppImage2025-12-31at5.03.22PM_d1972c6f-b754-43a8-8a11-a0dde468cd05.jpg?v=1767180861","","unreviewed"
"10003050365226","Green Plain Tamper Proof  Courier Bag with Pocket","https://www.ecosoftindia.in/products/green-plain-tamper-proof-courier-bag-with-pocket","51008925663530","10*14 / 100 / Free Delivery","","10*14","100","Free Delivery","549.00","true","https://cdn.shopify.com/s/files/1/0965/0018/7434/files/WhatsAppImage2025-12-31at5.03.22PM_d1972c6f-b754-43a8-8a11-a0dde468cd05.jpg?v=1767180861","","unreviewed"
"10003050365226","Green Plain Tamper Proof  Courier Bag with Pocket","https://www.ecosoftindia.in/products/green-plain-tamper-proof-courier-bag-with-pocket","51444759429418","10*14 / 500 / Free Delivery","","10*14","500","Free Delivery","1749.00","true","https://cdn.shopify.com/s/files/1/0965/0018/7434/files/WhatsAppImage2025-12-31at5.03.22PM_d1972c6f-b754-43a8-8a11-a0dde468cd05.jpg?v=1767180861","","unreviewed"
"10003050365226","Green Plain Tamper Proof  Courier Bag with Pocket","https://www.ecosoftindia.in/products/green-plain-tamper-proof-courier-bag-with-pocket","51008925696298","12*16 / 100 / Free Delivery","","12*16","100","Free Delivery","649.00","true","https://cdn.shopify.com/s/files/1/0965/0018/7434/files/WhatsAppImage2025-12-31at5.03.22PM_d1972c6f-b754-43a8-8a11-a0dde468cd05.jpg?v=1767180861","","unreviewed"
"10003050365226","Green Plain Tamper Proof  Courier Bag with Pocket","https://www.ecosoftindia.in/products/green-plain-tamper-proof-courier-bag-with-pocket","51444759462186","12*16 / 500 / Free Delivery","","12*16","500","Free Delivery","2149.00","true","https://cdn.shopify.com/s/files/1/0965/0018/7434/files/WhatsAppImage2025-12-31at5.03.22PM_d1972c6f-b754-43a8-8a11-a0dde468cd05.jpg?v=1767180861","","unreviewed"
"9979713388842","Meesho  transparent without pocket ( 100% barcode working )","https://www.ecosoftindia.in/products/meesho-tranparent","51374487372074","6*8 / 50 / Free Delivery","","6*8","50","Free Delivery","179.00","true","https://cdn.shopify.com/s/files/1/0965/0018/7434/files/WhatsApp_Image_2025-12-13_at_2.07.05_PM.jpg?v=1765792680","","unreviewed"
"9979713388842","Meesho  transparent without pocket ( 100% barcode working )","https://www.ecosoftindia.in/products/meesho-tranparent","50953820111146","6*8 / 100 / Free Delivery","","6*8","100","Free Delivery","239.00","true","https://cdn.shopify.com/s/files/1/0965/0018/7434/files/WhatsApp_Image_2025-12-13_at_2.07.05_PM.jpg?v=1765792680","","unreviewed"
"9979713388842","Meesho  transparent without pocket ( 100% barcode working )","https://www.ecosoftindia.in/products/meesho-tranparent","50953820143914","6*8 / 500 / Free Delivery","","6*8","500","Free Delivery","799.00","true","https://cdn.shopify.com/s/files/1/0965/0018/7434/files/WhatsApp_Image_2025-12-13_at_2.07.05_PM.jpg?v=1765792680","","unreviewed"
"9979713388842","Meesho  transparent without pocket ( 100% barcode working )","https://www.ecosoftindia.in/products/meesho-tranparent","50954092445994","6*8 / 1000 / Free Delivery","","6*8","1000","Free Delivery","1320.00","true","https://cdn.shopify.com/s/files/1/0965/0018/7434/files/WhatsApp_Image_2025-12-13_at_2.07.05_PM.jpg?v=1765792680","","unreviewed"
"9979713388842","Meesho  transparent without pocket ( 100% barcode working )","https://www.ecosoftindia.in/products/meesho-tranparent","51374487404842","8*10 / 50 / Free Delivery","","8*10","50","Free Delivery","249.00","true","https://cdn.shopify.com/s/files/1/0965/0018/7434/files/WhatsApp_Image_2025-12-13_at_2.07.05_PM.jpg?v=1765792680","","unreviewed"
"9979713388842","Meesho  transparent without pocket ( 100% barcode working )","https://www.ecosoftindia.in/products/meesho-tranparent","50953820242218","8*10 / 100 / Free Delivery","","8*10","100","Free Delivery","349.00","true","https://cdn.shopify.com/s/files/1/0965/0018/7434/files/WhatsApp_Image_2025-12-13_at_2.07.05_PM.jpg?v=1765792680","","unreviewed"
"9979713388842","Meesho  transparent without pocket ( 100% barcode working )","https://www.ecosoftindia.in/products/meesho-tranparent","50953820274986","8*10 / 500 / Free Delivery","","8*10","500","Free Delivery","1099.00","true","https://cdn.shopify.com/s/files/1/0965/0018/7434/files/WhatsApp_Image_2025-12-13_at_2.07.05_PM.jpg?v=1765792680","","unreviewed"
"9979713388842","Meesho  transparent without pocket ( 100% barcode working )","https://www.ecosoftindia.in/products/meesho-tranparent","50954092478762","8*10 / 1000 / Free Delivery","","8*10","1000","Free Delivery","1999.00","true","https://cdn.shopify.com/s/files/1/0965/0018/7434/files/WhatsApp_Image_2025-12-13_at_2.07.05_PM.jpg?v=1765792680","","unreviewed"
"9979713388842","Meesho  transparent without pocket ( 100% barcode working )","https://www.ecosoftindia.in/products/meesho-tranparent","51374487437610","8*12 / 50 / Free Delivery","","8*12","50","Free Delivery","279.00","true","https://cdn.shopify.com/s/files/1/0965/0018/7434/files/WhatsApp_Image_2025-12-13_at_2.07.05_PM.jpg?v=1765792680","","unreviewed"
"9979713388842","Meesho  transparent without pocket ( 100% barcode working )","https://www.ecosoftindia.in/products/meesho-tranparent","50953820373290","8*12 / 100 / Free Delivery","","8*12","100","Free Delivery","389.00","true","https://cdn.shopify.com/s/files/1/0965/0018/7434/files/WhatsApp_Image_2025-12-13_at_2.07.05_PM.jpg?v=1765792680","","unreviewed"
"9979713388842","Meesho  transparent without pocket ( 100% barcode working )","https://www.ecosoftindia.in/products/meesho-tranparent","50953820406058","8*12 / 500 / Free Delivery","","8*12","500","Free Delivery","1399.00","true","https://cdn.shopify.com/s/files/1/0965/0018/7434/files/WhatsApp_Image_2025-12-13_at_2.07.05_PM.jpg?v=1765792680","","unreviewed"
"9979713388842","Meesho  transparent without pocket ( 100% barcode working )","https://www.ecosoftindia.in/products/meesho-tranparent","50954092511530","8*12 / 1000 / Free Delivery","","8*12","1000","Free Delivery","2499.00","true","https://cdn.shopify.com/s/files/1/0965/0018/7434/files/WhatsApp_Image_2025-12-13_at_2.07.05_PM.jpg?v=1765792680","","unreviewed"
"9979713388842","Meesho  transparent without pocket ( 100% barcode working )","https://www.ecosoftindia.in/products/meesho-tranparent","51374487470378","9*12 / 50 / Free Delivery","","9*12","50","Free Delivery","289.00","true","https://cdn.shopify.com/s/files/1/0965/0018/7434/files/WhatsApp_Image_2025-12-13_at_2.07.05_PM.jpg?v=1765792680","","unreviewed"
"9979713388842","Meesho  transparent without pocket ( 100% barcode working )","https://www.ecosoftindia.in/products/meesho-tranparent","50953820504362","9*12 / 100 / Free Delivery","","9*12","100","Free Delivery","349.00","true","https://cdn.shopify.com/s/files/1/0965/0018/7434/files/WhatsApp_Image_2025-12-13_at_2.07.05_PM.jpg?v=1765792680","","unreviewed"
"9979713388842","Meesho  transparent without pocket ( 100% barcode working )","https://www.ecosoftindia.in/products/meesho-tranparent","50953820537130","9*12 / 500 / Free Delivery","","9*12","500","Free Delivery","1320.00","true","https://cdn.shopify.com/s/files/1/0965/0018/7434/files/WhatsApp_Image_2025-12-13_at_2.07.05_PM.jpg?v=1765792680","","unreviewed"
"9979713388842","Meesho  transparent without pocket ( 100% barcode working )","https://www.ecosoftindia.in/products/meesho-tranparent","50954092544298","9*12 / 1000 / Free Delivery","","9*12","1000","Free Delivery","2499.00","true","https://cdn.shopify.com/s/files/1/0965/0018/7434/files/WhatsApp_Image_2025-12-13_at_2.07.05_PM.jpg?v=1765792680","","unreviewed"
"9979713388842","Meesho  transparent without pocket ( 100% barcode working )","https://www.ecosoftindia.in/products/meesho-tranparent","51374487503146","10*12 / 50 / Free Delivery","","10*12","50","Free Delivery","299.00","true","https://cdn.shopify.com/s/files/1/0965/0018/7434/files/WhatsApp_Image_2025-12-13_at_2.07.05_PM.jpg?v=1765792680","","unreviewed"
"9979713388842","Meesho  transparent without pocket ( 100% barcode working )","https://www.ecosoftindia.in/products/meesho-tranparent","50953820635434","10*12 / 100 / Free Delivery","","10*12","100","Free Delivery","399.00","true","https://cdn.shopify.com/s/files/1/0965/0018/7434/files/WhatsApp_Image_2025-12-13_at_2.07.05_PM.jpg?v=1765792680","","unreviewed"
"9979713388842","Meesho  transparent without pocket ( 100% barcode working )","https://www.ecosoftindia.in/products/meesho-tranparent","50953820668202","10*12 / 500 / Free Delivery","","10*12","500","Free Delivery","1399.00","true","https://cdn.shopify.com/s/files/1/0965/0018/7434/files/WhatsApp_Image_2025-12-13_at_2.07.05_PM.jpg?v=1765792680","","unreviewed"
"9979713388842","Meesho  transparent without pocket ( 100% barcode working )","https://www.ecosoftindia.in/products/meesho-tranparent","50954092577066","10*12 / 1000 / Free Delivery","","10*12","1000","Free Delivery","2599.00","true","https://cdn.shopify.com/s/files/1/0965/0018/7434/files/WhatsApp_Image_2025-12-13_at_2.07.05_PM.jpg?v=1765792680","","unreviewed"
"9979713388842","Meesho  transparent without pocket ( 100% barcode working )","https://www.ecosoftindia.in/products/meesho-tranparent","51374487535914","10*14 / 50 / Free Delivery","","10*14","50","Free Delivery","289.00","true","https://cdn.shopify.com/s/files/1/0965/0018/7434/files/WhatsApp_Image_2025-12-13_at_2.07.05_PM.jpg?v=1765792680","","unreviewed"
"9979713388842","Meesho  transparent without pocket ( 100% barcode working )","https://www.ecosoftindia.in/products/meesho-tranparent","50953820766506","10*14 / 100 / Free Delivery","","10*14","100","Free Delivery","409.00","true","https://cdn.shopify.com/s/files/1/0965/0018/7434/files/WhatsApp_Image_2025-12-13_at_2.07.05_PM.jpg?v=1765792680","","unreviewed"
"9979713388842","Meesho  transparent without pocket ( 100% barcode working )","https://www.ecosoftindia.in/products/meesho-tranparent","50953820799274","10*14 / 500 / Free Delivery","","10*14","500","Free Delivery","1515.00","true","https://cdn.shopify.com/s/files/1/0965/0018/7434/files/WhatsApp_Image_2025-12-13_at_2.07.05_PM.jpg?v=1765792680","","unreviewed"
"9979713388842","Meesho  transparent without pocket ( 100% barcode working )","https://www.ecosoftindia.in/products/meesho-tranparent","50954092609834","10*14 / 1000 / Free Delivery","","10*14","1000","Free Delivery","2915.00","true","https://cdn.shopify.com/s/files/1/0965/0018/7434/files/WhatsApp_Image_2025-12-13_at_2.07.05_PM.jpg?v=1765792680","","unreviewed"
"9979713388842","Meesho  transparent without pocket ( 100% barcode working )","https://www.ecosoftindia.in/products/meesho-tranparent","51374487568682","12*14 / 50 / Free Delivery","","12*14","50","Free Delivery","299.00","true","https://cdn.shopify.com/s/files/1/0965/0018/7434/files/WhatsApp_Image_2025-12-13_at_2.07.05_PM.jpg?v=1765792680","","unreviewed"
"9979713388842","Meesho  transparent without pocket ( 100% barcode working )","https://www.ecosoftindia.in/products/meesho-tranparent","50953820897578","12*14 / 100 / Free Delivery","","12*14","100","Free Delivery","449.00","true","https://cdn.shopify.com/s/files/1/0965/0018/7434/files/WhatsApp_Image_2025-12-13_at_2.07.05_PM.jpg?v=1765792680","","unreviewed"
"9979713388842","Meesho  transparent without pocket ( 100% barcode working )","https://www.ecosoftindia.in/products/meesho-tranparent","50953820930346","12*14 / 500 / Free Delivery","","12*14","500","Free Delivery","1799.00","true","https://cdn.shopify.com/s/files/1/0965/0018/7434/files/WhatsApp_Image_2025-12-13_at_2.07.05_PM.jpg?v=1765792680","","unreviewed"
"9979713388842","Meesho  transparent without pocket ( 100% barcode working )","https://www.ecosoftindia.in/products/meesho-tranparent","50954092642602","12*14 / 1000 / Free Delivery","","12*14","1000","Free Delivery","3410.00","true","https://cdn.shopify.com/s/files/1/0965/0018/7434/files/WhatsApp_Image_2025-12-13_at_2.07.05_PM.jpg?v=1765792680","","unreviewed"
"9979713388842","Meesho  transparent without pocket ( 100% barcode working )","https://www.ecosoftindia.in/products/meesho-tranparent","51374487601450","12*16 / 50 / Free Delivery","","12*16","50","Free Delivery","309.00","true","https://cdn.shopify.com/s/files/1/0965/0018/7434/files/WhatsApp_Image_2025-12-13_at_2.07.05_PM.jpg?v=1765792680","","unreviewed"
"9979713388842","Meesho  transparent without pocket ( 100% barcode working )","https://www.ecosoftindia.in/products/meesho-tranparent","50953821028650","12*16 / 100 / Free Delivery","","12*16","100","Free Delivery","499.00","true","https://cdn.shopify.com/s/files/1/0965/0018/7434/files/WhatsApp_Image_2025-12-13_at_2.07.05_PM.jpg?v=1765792680","","unreviewed"
"9979713388842","Meesho  transparent without pocket ( 100% barcode working )","https://www.ecosoftindia.in/products/meesho-tranparent","50953821061418","12*16 / 500 / Free Delivery","","12*16","500","Free Delivery","2099.00","true","https://cdn.shopify.com/s/files/1/0965/0018/7434/files/WhatsApp_Image_2025-12-13_at_2.07.05_PM.jpg?v=1765792680","","unreviewed"
"9979713388842","Meesho  transparent without pocket ( 100% barcode working )","https://www.ecosoftindia.in/products/meesho-tranparent","50954092675370","12*16 / 1000 / Free Delivery","","12*16","1000","Free Delivery","4125.00","true","https://cdn.shopify.com/s/files/1/0965/0018/7434/files/WhatsApp_Image_2025-12-13_at_2.07.05_PM.jpg?v=1765792680","","unreviewed"
"9979713388842","Meesho  transparent without pocket ( 100% barcode working )","https://www.ecosoftindia.in/products/meesho-tranparent","51374487634218","14*18 / 50 / Free Delivery","","14*18","50","Free Delivery","399.00","true","https://cdn.shopify.com/s/files/1/0965/0018/7434/files/WhatsApp_Image_2025-12-13_at_2.07.05_PM.jpg?v=1765792680","","unreviewed"
"9979713388842","Meesho  transparent without pocket ( 100% barcode working )","https://www.ecosoftindia.in/products/meesho-tranparent","50953821159722","14*18 / 100 / Free Delivery","","14*18","100","Free Delivery","599.00","true","https://cdn.shopify.com/s/files/1/0965/0018/7434/files/WhatsApp_Image_2025-12-13_at_2.07.05_PM.jpg?v=1765792680","","unreviewed"
"9979713388842","Meesho  transparent without pocket ( 100% barcode working )","https://www.ecosoftindia.in/products/meesho-tranparent","50953821192490","14*18 / 500 / Free Delivery","","14*18","500","Free Delivery","2499.00","true","https://cdn.shopify.com/s/files/1/0965/0018/7434/files/WhatsApp_Image_2025-12-13_at_2.07.05_PM.jpg?v=1765792680","","unreviewed"
"9979713388842","Meesho  transparent without pocket ( 100% barcode working )","https://www.ecosoftindia.in/products/meesho-tranparent","50954092708138","14*18 / 1000 / Free Delivery","","14*18","1000","Free Delivery","4999.00","true","https://cdn.shopify.com/s/files/1/0965/0018/7434/files/WhatsApp_Image_2025-12-13_at_2.07.05_PM.jpg?v=1765792680","","unreviewed"
"9979713388842","Meesho  transparent without pocket ( 100% barcode working )","https://www.ecosoftindia.in/products/meesho-tranparent","51374487666986","16*20 / 50 / Free Delivery","","16*20","50","Free Delivery","399.00","true","https://cdn.shopify.com/s/files/1/0965/0018/7434/files/WhatsApp_Image_2025-12-13_at_2.07.05_PM.jpg?v=1765792680","","unreviewed"
"9979713388842","Meesho  transparent without pocket ( 100% barcode working )","https://www.ecosoftindia.in/products/meesho-tranparent","50953821290794","16*20 / 100 / Free Delivery","","16*20","100","Free Delivery","749.00","true","https://cdn.shopify.com/s/files/1/0965/0018/7434/files/WhatsApp_Image_2025-12-13_at_2.07.05_PM.jpg?v=1765792680","","unreviewed"
"9979713388842","Meesho  transparent without pocket ( 100% barcode working )","https://www.ecosoftindia.in/products/meesho-tranparent","50953821323562","16*20 / 500 / Free Delivery","","16*20","500","Free Delivery","3135.00","true","https://cdn.shopify.com/s/files/1/0965/0018/7434/files/WhatsApp_Image_2025-12-13_at_2.07.05_PM.jpg?v=1765792680","","unreviewed"
"9979713388842","Meesho  transparent without pocket ( 100% barcode working )","https://www.ecosoftindia.in/products/meesho-tranparent","50954092740906","16*20 / 1000 / Free Delivery","","16*20","1000","Free Delivery","6199.00","true","https://cdn.shopify.com/s/files/1/0965/0018/7434/files/WhatsApp_Image_2025-12-13_at_2.07.05_PM.jpg?v=1765792680","","unreviewed"
"9979713388842","Meesho  transparent without pocket ( 100% barcode working )","https://www.ecosoftindia.in/products/meesho-tranparent","51384276549930","18*22 / 50 / Free Delivery","","18*22","50","Free Delivery","549.00","true","https://cdn.shopify.com/s/files/1/0965/0018/7434/files/WhatsApp_Image_2025-12-13_at_2.07.05_PM.jpg?v=1765792680","","unreviewed"
"9979713388842","Meesho  transparent without pocket ( 100% barcode working )","https://www.ecosoftindia.in/products/meesho-tranparent","51384276582698","18*22 / 100 / Free Delivery","","18*22","100","Free Delivery","999.00","true","https://cdn.shopify.com/s/files/1/0965/0018/7434/files/WhatsApp_Image_2025-12-13_at_2.07.05_PM.jpg?v=1765792680","","unreviewed"
"9979713388842","Meesho  transparent without pocket ( 100% barcode working )","https://www.ecosoftindia.in/products/meesho-tranparent","51384276615466","18*22 / 500 / Free Delivery","","18*22","500","Free Delivery","3850.00","true","https://cdn.shopify.com/s/files/1/0965/0018/7434/files/WhatsApp_Image_2025-12-13_at_2.07.05_PM.jpg?v=1765792680","","unreviewed"
"9979713388842","Meesho  transparent without pocket ( 100% barcode working )","https://www.ecosoftindia.in/products/meesho-tranparent","51384276648234","18*22 / 1000 / Free Delivery","","18*22","1000","Free Delivery","7599.00","true","https://cdn.shopify.com/s/files/1/0965/0018/7434/files/WhatsApp_Image_2025-12-13_at_2.07.05_PM.jpg?v=1765792680","","unreviewed"
"9979713388842","Meesho  transparent without pocket ( 100% barcode working )","https://www.ecosoftindia.in/products/meesho-tranparent","51374487699754","22*24 / 50 / Free Delivery","","22*24","50","Free Delivery","599.00","true","https://cdn.shopify.com/s/files/1/0965/0018/7434/files/WhatsApp_Image_2025-12-13_at_2.07.05_PM.jpg?v=1765792680","","unreviewed"
"9979713388842","Meesho  transparent without pocket ( 100% barcode working )","https://www.ecosoftindia.in/products/meesho-tranparent","50953821421866","22*24 / 100 / Free Delivery","","22*24","100","Free Delivery","1099.00","true","https://cdn.shopify.com/s/files/1/0965/0018/7434/files/WhatsApp_Image_2025-12-13_at_2.07.05_PM.jpg?v=1765792680","","unreviewed"
"9979713388842","Meesho  transparent without pocket ( 100% barcode working )","https://www.ecosoftindia.in/products/meesho-tranparent","50953821454634","22*24 / 500 / Free Delivery","","22*24","500","Free Delivery","5125.00","true","https://cdn.shopify.com/s/files/1/0965/0018/7434/files/WhatsApp_Image_2025-12-13_at_2.07.05_PM.jpg?v=1765792680","","unreviewed"
"9979713388842","Meesho  transparent without pocket ( 100% barcode working )","https://www.ecosoftindia.in/products/meesho-tranparent","50954092773674","22*24 / 1000 / Free Delivery","","22*24","1000","Free Delivery","10299.00","true","https://cdn.shopify.com/s/files/1/0965/0018/7434/files/WhatsApp_Image_2025-12-13_at_2.07.05_PM.jpg?v=1765792680","","unreviewed"
"9979713388842","Meesho  transparent without pocket ( 100% barcode working )","https://www.ecosoftindia.in/products/meesho-tranparent","52053730492714","8x16 / 50 / Free Delivery","","8x16","50","Free Delivery","299.00","true","https://cdn.shopify.com/s/files/1/0965/0018/7434/files/WhatsApp_Image_2025-12-13_at_2.07.05_PM.jpg?v=1765792680","","unreviewed"
"9979713388842","Meesho  transparent without pocket ( 100% barcode working )","https://www.ecosoftindia.in/products/meesho-tranparent","52053730525482","8x16 / 100 / Free Delivery","","8x16","100","Free Delivery","499.00","true","https://cdn.shopify.com/s/files/1/0965/0018/7434/files/WhatsApp_Image_2025-12-13_at_2.07.05_PM.jpg?v=1765792680","","unreviewed"
"9979713388842","Meesho  transparent without pocket ( 100% barcode working )","https://www.ecosoftindia.in/products/meesho-tranparent","52053730558250","8x16 / 500 / Free Delivery","","8x16","500","Free Delivery","169.00","false","https://cdn.shopify.com/s/files/1/0965/0018/7434/files/WhatsApp_Image_2025-12-13_at_2.07.05_PM.jpg?v=1765792680","","unreviewed"
"9979713388842","Meesho  transparent without pocket ( 100% barcode working )","https://www.ecosoftindia.in/products/meesho-tranparent","52053730591018","8x16 / 1000 / Free Delivery","","8x16","1000","Free Delivery","0.00","false","https://cdn.shopify.com/s/files/1/0965/0018/7434/files/WhatsApp_Image_2025-12-13_at_2.07.05_PM.jpg?v=1765792680","","unreviewed"
"9979713388842","Meesho  transparent without pocket ( 100% barcode working )","https://www.ecosoftindia.in/products/meesho-tranparent","52053730623786","9x19 / 50 / Free Delivery","","9x19","50","Free Delivery","399.00","true","https://cdn.shopify.com/s/files/1/0965/0018/7434/files/WhatsApp_Image_2025-12-13_at_2.07.05_PM.jpg?v=1765792680","","unreviewed"
"9979713388842","Meesho  transparent without pocket ( 100% barcode working )","https://www.ecosoftindia.in/products/meesho-tranparent","52053730656554","9x19 / 100 / Free Delivery","","9x19","100","Free Delivery","699.00","true","https://cdn.shopify.com/s/files/1/0965/0018/7434/files/WhatsApp_Image_2025-12-13_at_2.07.05_PM.jpg?v=1765792680","","unreviewed"
"9979713388842","Meesho  transparent without pocket ( 100% barcode working )","https://www.ecosoftindia.in/products/meesho-tranparent","52053730689322","9x19 / 500 / Free Delivery","","9x19","500","Free Delivery","0.00","false","https://cdn.shopify.com/s/files/1/0965/0018/7434/files/WhatsApp_Image_2025-12-13_at_2.07.05_PM.jpg?v=1765792680","","unreviewed"
"9979713388842","Meesho  transparent without pocket ( 100% barcode working )","https://www.ecosoftindia.in/products/meesho-tranparent","52053730722090","9x19 / 1000 / Free Delivery","","9x19","1000","Free Delivery","0.00","false","https://cdn.shopify.com/s/files/1/0965/0018/7434/files/WhatsApp_Image_2025-12-13_at_2.07.05_PM.jpg?v=1765792680","","unreviewed"
"9982262935850","Flipkart Tape","https://www.ecosoftindia.in/products/flipkart-tape-use-for-packaging","50956625117482","2 inch 130m / 1 / Free Delivery","","2 inch 130m","1","Free Delivery","198.00","true","https://cdn.shopify.com/s/files/1/0965/0018/7434/files/WhatsApp_Image_2025-12-16_at_1.09.10_PM.jpg?v=1765870818","","unreviewed"
"9982262935850","Flipkart Tape","https://www.ecosoftindia.in/products/flipkart-tape-use-for-packaging","50956846072106","2 inch 130m / 3 / Free Delivery","","2 inch 130m","3","Free Delivery","435.00","false","https://cdn.shopify.com/s/files/1/0965/0018/7434/files/WhatsApp_Image_2025-12-16_at_1.09.10_PM.jpg?v=1765870818","","unreviewed"
"9982262935850","Flipkart Tape","https://www.ecosoftindia.in/products/flipkart-tape-use-for-packaging","50956846104874","2 inch 130m / 6 / Free Delivery","","2 inch 130m","6","Free Delivery","870.00","true","https://cdn.shopify.com/s/files/1/0965/0018/7434/files/WhatsApp_Image_2025-12-16_at_1.09.10_PM.jpg?v=1765870818","","unreviewed"
"9982262935850","Flipkart Tape","https://www.ecosoftindia.in/products/flipkart-tape-use-for-packaging","50956846137642","2 inch 130m / 12 / Free Delivery","","2 inch 130m","12","Free Delivery","1620.00","true","https://cdn.shopify.com/s/files/1/0965/0018/7434/files/WhatsApp_Image_2025-12-16_at_1.09.10_PM.jpg?v=1765870818","","unreviewed"
"9981676912938","Flipkart Transparent Bag without pocket  ( 100% barcode working )","https://www.ecosoftindia.in/products/flipkart-transparent-bag-without-pocket","51374494351658","6*8 / 50 / Free Delivery","","6*8","50","Free Delivery","169.00","true","https://cdn.shopify.com/s/files/1/0965/0018/7434/files/WhatsAppImage2025-12-15at6.46.16PM.jpg?v=1765804622","","unreviewed"
"9981676912938","Flipkart Transparent Bag without pocket  ( 100% barcode working )","https://www.ecosoftindia.in/products/flipkart-transparent-bag-without-pocket","50954345054506","6*8 / 100 / Free Delivery","","6*8","100","Free Delivery","215.00","true","https://cdn.shopify.com/s/files/1/0965/0018/7434/files/WhatsAppImage2025-12-15at6.46.16PM.jpg?v=1765804622","","unreviewed"
"9981676912938","Flipkart Transparent Bag without pocket  ( 100% barcode working )","https://www.ecosoftindia.in/products/flipkart-transparent-bag-without-pocket","50954345087274","6*8 / 500 / Free Delivery","","6*8","500","Free Delivery","765.00","true","https://cdn.shopify.com/s/files/1/0965/0018/7434/files/WhatsAppImage2025-12-15at6.46.16PM.jpg?v=1765804622","","unreviewed"
"9981676912938","Flipkart Transparent Bag without pocket  ( 100% barcode working )","https://www.ecosoftindia.in/products/flipkart-transparent-bag-without-pocket","50954345120042","6*8 / 1000 / Free Delivery","","6*8","1000","Free Delivery","1530.00","true","https://cdn.shopify.com/s/files/1/0965/0018/7434/files/WhatsAppImage2025-12-15at6.46.16PM.jpg?v=1765804622","","unreviewed"
"9981676912938","Flipkart Transparent Bag without pocket  ( 100% barcode working )","https://www.ecosoftindia.in/products/flipkart-transparent-bag-without-pocket","51374494384426","8.5*11 / 50 / Free Delivery","","8.5*11","50","Free Delivery","234.00","true","https://cdn.shopify.com/s/files/1/0965/0018/7434/files/WhatsAppImage2025-12-15at6.46.16PM.jpg?v=1765804622","","unreviewed"
"9981676912938","Flipkart Transparent Bag without pocket  ( 100% barcode working )","https://www.ecosoftindia.in/products/flipkart-transparent-bag-without-pocket","50954345185578","8.5*11 / 100 / Free Delivery","","8.5*11","100","Free Delivery","360.00","true","https://cdn.shopify.com/s/files/1/0965/0018/7434/files/WhatsAppImage2025-12-15at6.46.16PM.jpg?v=1765804622","","unreviewed"
"9981676912938","Flipkart Transparent Bag without pocket  ( 100% barcode working )","https://www.ecosoftindia.in/products/flipkart-transparent-bag-without-pocket","50954345218346","8.5*11 / 500 / Free Delivery","","8.5*11","500","Free Delivery","1310.00","true","https://cdn.shopify.com/s/files/1/0965/0018/7434/files/WhatsAppImage2025-12-15at6.46.16PM.jpg?v=1765804622","","unreviewed"
"9981676912938","Flipkart Transparent Bag without pocket  ( 100% barcode working )","https://www.ecosoftindia.in/products/flipkart-transparent-bag-without-pocket","50954345251114","8.5*11 / 1000 / Free Delivery","","8.5*11","1000","Free Delivery","2480.00","true","https://cdn.shopify.com/s/files/1/0965/0018/7434/files/WhatsAppImage2025-12-15at6.46.16PM.jpg?v=1765804622","","unreviewed"
"9981676912938","Flipkart Transparent Bag without pocket  ( 100% barcode working )","https://www.ecosoftindia.in/products/flipkart-transparent-bag-without-pocket","51374494417194","10*13 / 50 / Free Delivery","","10*13","50","Free Delivery","297.00","true","https://cdn.shopify.com/s/files/1/0965/0018/7434/files/WhatsAppImage2025-12-15at6.46.16PM.jpg?v=1765804622","","unreviewed"
"9981676912938","Flipkart Transparent Bag without pocket  ( 100% barcode working )","https://www.ecosoftindia.in/products/flipkart-transparent-bag-without-pocket","50954345316650","10*13 / 100 / Free Delivery","","10*13","100","Free Delivery","457.00","true","https://cdn.shopify.com/s/files/1/0965/0018/7434/files/WhatsAppImage2025-12-15at6.46.16PM.jpg?v=1765804622","","unreviewed"
"9981676912938","Flipkart Transparent Bag without pocket  ( 100% barcode working )","https://www.ecosoftindia.in/products/flipkart-transparent-bag-without-pocket","50954345349418","10*13 / 500 / Free Delivery","","10*13","500","Free Delivery","1605.00","true","https://cdn.shopify.com/s/files/1/0965/0018/7434/files/WhatsAppImage2025-12-15at6.46.16PM.jpg?v=1765804622","","unreviewed"
"9981676912938","Flipkart Transparent Bag without pocket  ( 100% barcode working )","https://www.ecosoftindia.in/products/flipkart-transparent-bag-without-pocket","50954345382186","10*13 / 1000 / Free Delivery","","10*13","1000","Free Delivery","2920.00","true","https://cdn.shopify.com/s/files/1/0965/0018/7434/files/WhatsAppImage2025-12-15at6.46.16PM.jpg?v=1765804622","","unreviewed"
"9981676912938","Flipkart Transparent Bag without pocket  ( 100% barcode working )","https://www.ecosoftindia.in/products/flipkart-transparent-bag-without-pocket","51374494449962","12.5*15 / 50 / Free Delivery","","12.5*15","50","Free Delivery","349.00","true","https://cdn.shopify.com/s/files/1/0965/0018/7434/files/WhatsAppImage2025-12-15at6.46.16PM.jpg?v=1765804622","","unreviewed"
"9981676912938","Flipkart Transparent Bag without pocket  ( 100% barcode working )","https://www.ecosoftindia.in/products/flipkart-transparent-bag-without-pocket","50954345447722","12.5*15 / 100 / Free Delivery","","12.5*15","100","Free Delivery","612.00","true","https://cdn.shopify.com/s/files/1/0965/0018/7434/files/WhatsAppImage2025-12-15at6.46.16PM.jpg?v=1765804622","","unreviewed"
"9981676912938","Flipkart Transparent Bag without pocket  ( 100% barcode working )","https://www.ecosoftindia.in/products/flipkart-transparent-bag-without-pocket","50954345480490","12.5*15 / 500 / Free Delivery","","12.5*15","500","Free Delivery","2199.00","true","https://cdn.shopify.com/s/files/1/0965/0018/7434/files/WhatsAppImage2025-12-15at6.46.16PM.jpg?v=1765804622","","unreviewed"
"9981676912938","Flipkart Transparent Bag without pocket  ( 100% barcode working )","https://www.ecosoftindia.in/products/flipkart-transparent-bag-without-pocket","50954345513258","12.5*15 / 1000 / Free Delivery","","12.5*15","1000","Free Delivery","4100.00","true","https://cdn.shopify.com/s/files/1/0965/0018/7434/files/WhatsAppImage2025-12-15at6.46.16PM.jpg?v=1765804622","","unreviewed"
"9981676912938","Flipkart Transparent Bag without pocket  ( 100% barcode working )","https://www.ecosoftindia.in/products/flipkart-transparent-bag-without-pocket","51374494482730","14*18 / 50 / Free Delivery","","14*18","50","Free Delivery","479.00","true","https://cdn.shopify.com/s/files/1/0965/0018/7434/files/WhatsAppImage2025-12-15at6.46.16PM.jpg?v=1765804622","","unreviewed"
"9981676912938","Flipkart Transparent Bag without pocket  ( 100% barcode working )","https://www.ecosoftindia.in/products/flipkart-transparent-bag-without-pocket","50954345709866","14*18 / 100 / Free Delivery","","14*18","100","Free Delivery","738.00","true","https://cdn.shopify.com/s/files/1/0965/0018/7434/files/WhatsAppImage2025-12-15at6.46.16PM.jpg?v=1765804622","","unreviewed"
"9981676912938","Flipkart Transparent Bag without pocket  ( 100% barcode working )","https://www.ecosoftindia.in/products/flipkart-transparent-bag-without-pocket","50954345742634","14*18 / 500 / Free Delivery","","14*18","500","Free Delivery","2770.00","true","https://cdn.shopify.com/s/files/1/0965/0018/7434/files/WhatsAppImage2025-12-15at6.46.16PM.jpg?v=1765804622","","unreviewed"
"9981676912938","Flipkart Transparent Bag without pocket  ( 100% barcode working )","https://www.ecosoftindia.in/products/flipkart-transparent-bag-without-pocket","50954345775402","14*18 / 1000 / Free Delivery","","14*18","1000","Free Delivery","5400.00","true","https://cdn.shopify.com/s/files/1/0965/0018/7434/files/WhatsAppImage2025-12-15at6.46.16PM.jpg?v=1765804622","","unreviewed"
"9981676912938","Flipkart Transparent Bag without pocket  ( 100% barcode working )","https://www.ecosoftindia.in/products/flipkart-transparent-bag-without-pocket","51374494515498","16*20 / 50 / Free Delivery","","16*20","50","Free Delivery","573.00","true","https://cdn.shopify.com/s/files/1/0965/0018/7434/files/WhatsAppImage2025-12-15at6.46.16PM.jpg?v=1765804622","","unreviewed"
"9981676912938","Flipkart Transparent Bag without pocket  ( 100% barcode working )","https://www.ecosoftindia.in/products/flipkart-transparent-bag-without-pocket","50954345840938","16*20 / 100 / Free Delivery","","16*20","100","Free Delivery","882.00","true","https://cdn.shopify.com/s/files/1/0965/0018/7434/files/WhatsAppImage2025-12-15at6.46.16PM.jpg?v=1765804622","","unreviewed"
"9981676912938","Flipkart Transparent Bag without pocket  ( 100% barcode working )","https://www.ecosoftindia.in/products/flipkart-transparent-bag-without-pocket","50954345873706","16*20 / 500 / Free Delivery","","16*20","500","Free Delivery","3599.00","true","https://cdn.shopify.com/s/files/1/0965/0018/7434/files/WhatsAppImage2025-12-15at6.46.16PM.jpg?v=1765804622","","unreviewed"
"9981676912938","Flipkart Transparent Bag without pocket  ( 100% barcode working )","https://www.ecosoftindia.in/products/flipkart-transparent-bag-without-pocket","50954345906474","16*20 / 1000 / Free Delivery","","16*20","1000","Free Delivery","6850.00","true","https://cdn.shopify.com/s/files/1/0965/0018/7434/files/WhatsAppImage2025-12-15at6.46.16PM.jpg?v=1765804622","","unreviewed"
"9981676912938","Flipkart Transparent Bag without pocket  ( 100% barcode working )","https://www.ecosoftindia.in/products/flipkart-transparent-bag-without-pocket","51374494548266","20*23 / 50 / Free Delivery","","20*23","50","Free Delivery","802.00","true","https://cdn.shopify.com/s/files/1/0965/0018/7434/files/WhatsAppImage2025-12-15at6.46.16PM.jpg?v=1765804622","","unreviewed"
"9981676912938","Flipkart Transparent Bag without pocket  ( 100% barcode working )","https://www.ecosoftindia.in/products/flipkart-transparent-bag-without-pocket","50954345972010","20*23 / 100 / Free Delivery","","20*23","100","Free Delivery","1235.00","true","https://cdn.shopify.com/s/files/1/0965/0018/7434/files/WhatsAppImage2025-12-15at6.46.16PM.jpg?v=1765804622","","unreviewed"
"9981676912938","Flipkart Transparent Bag without pocket  ( 100% barcode working )","https://www.ecosoftindia.in/products/flipkart-transparent-bag-without-pocket","50954346004778","20*23 / 500 / Free Delivery","","20*23","500","Free Delivery","4980.00","true","https://cdn.shopify.com/s/files/1/0965/0018/7434/files/WhatsAppImage2025-12-15at6.46.16PM.jpg?v=1765804622","","unreviewed"
"9981676912938","Flipkart Transparent Bag without pocket  ( 100% barcode working )","https://www.ecosoftindia.in/products/flipkart-transparent-bag-without-pocket","50954346037546","20*23 / 1000 / Free Delivery","","20*23","1000","Free Delivery","9490.00","true","https://cdn.shopify.com/s/files/1/0965/0018/7434/files/WhatsAppImage2025-12-15at6.46.16PM.jpg?v=1765804622","","unreviewed"
"9981686645034","Flipkart non Transparent Bag  ( 100% barcode working )","https://www.ecosoftindia.in/products/flipkart-non-transparent-bag","51374513291562","6*8 / 50 / Free Delivery","","6*8","50","Free Delivery","189.00","true","https://cdn.shopify.com/s/files/1/0965/0018/7434/files/WhatsApp_Image_2026-04-25_at_5.17.32_PM.jpg?v=1777117730","","unreviewed"
"9981686645034","Flipkart non Transparent Bag  ( 100% barcode working )","https://www.ecosoftindia.in/products/flipkart-non-transparent-bag","50957118800170","6*8 / 100 / Free Delivery","","6*8","100","Free Delivery","239.00","true","https://cdn.shopify.com/s/files/1/0965/0018/7434/files/WhatsApp_Image_2026-04-25_at_5.17.32_PM.jpg?v=1777117730","","unreviewed"
"9981686645034","Flipkart non Transparent Bag  ( 100% barcode working )","https://www.ecosoftindia.in/products/flipkart-non-transparent-bag","50957118832938","6*8 / 500 / Free Delivery","","6*8","500","Free Delivery","799.00","true","https://cdn.shopify.com/s/files/1/0965/0018/7434/files/WhatsApp_Image_2026-04-25_at_5.17.32_PM.jpg?v=1777117730","","unreviewed"
"9981686645034","Flipkart non Transparent Bag  ( 100% barcode working )","https://www.ecosoftindia.in/products/flipkart-non-transparent-bag","50957118865706","6*8 / 1000 / Free Delivery","","6*8","1000","Free Delivery","1249.00","true","https://cdn.shopify.com/s/files/1/0965/0018/7434/files/WhatsApp_Image_2026-04-25_at_5.17.32_PM.jpg?v=1777117730","","unreviewed"
"9981686645034","Flipkart non Transparent Bag  ( 100% barcode working )","https://www.ecosoftindia.in/products/flipkart-non-transparent-bag","51374513324330","8.5*11 / 50 / Free Delivery","","8.5*11","50","Free Delivery","244.00","true","https://cdn.shopify.com/s/files/1/0965/0018/7434/files/WhatsApp_Image_2026-04-25_at_5.17.32_PM.jpg?v=1777117730","","unreviewed"
"9981686645034","Flipkart non Transparent Bag  ( 100% barcode working )","https://www.ecosoftindia.in/products/flipkart-non-transparent-bag","50957118898474","8.5*11 / 100 / Free Delivery","","8.5*11","100","Free Delivery","370.00","true","https://cdn.shopify.com/s/files/1/0965/0018/7434/files/WhatsApp_Image_2026-04-25_at_5.17.32_PM.jpg?v=1777117730","","unreviewed"
"9981686645034","Flipkart non Transparent Bag  ( 100% barcode working )","https://www.ecosoftindia.in/products/flipkart-non-transparent-bag","50957118931242","8.5*11 / 500 / Free Delivery","","8.5*11","500","Free Delivery","1289.00","true","https://cdn.shopify.com/s/files/1/0965/0018/7434/files/WhatsApp_Image_2026-04-25_at_5.17.32_PM.jpg?v=1777117730","","unreviewed"
"9981686645034","Flipkart non Transparent Bag  ( 100% barcode working )","https://www.ecosoftindia.in/products/flipkart-non-transparent-bag","50957118964010","8.5*11 / 1000 / Free Delivery","","8.5*11","1000","Free Delivery","2569.00","true","https://cdn.shopify.com/s/files/1/0965/0018/7434/files/WhatsApp_Image_2026-04-25_at_5.17.32_PM.jpg?v=1777117730","","unreviewed"
"9981686645034","Flipkart non Transparent Bag  ( 100% barcode working )","https://www.ecosoftindia.in/products/flipkart-non-transparent-bag","51374513357098","10*13 / 50 / Free Delivery","","10*13","50","Free Delivery","297.00","true","https://cdn.shopify.com/s/files/1/0965/0018/7434/files/WhatsApp_Image_2026-04-25_at_5.17.32_PM.jpg?v=1777117730","","unreviewed"
"9981686645034","Flipkart non Transparent Bag  ( 100% barcode working )","https://www.ecosoftindia.in/products/flipkart-non-transparent-bag","50957118996778","10*13 / 100 / Free Delivery","","10*13","100","Free Delivery","457.00","true","https://cdn.shopify.com/s/files/1/0965/0018/7434/files/WhatsApp_Image_2026-04-25_at_5.17.32_PM.jpg?v=1777117730","","unreviewed"
"9981686645034","Flipkart non Transparent Bag  ( 100% barcode working )","https://www.ecosoftindia.in/products/flipkart-non-transparent-bag","50957119029546","10*13 / 500 / Free Delivery","","10*13","500","Free Delivery","1720.00","true","https://cdn.shopify.com/s/files/1/0965/0018/7434/files/WhatsApp_Image_2026-04-25_at_5.17.32_PM.jpg?v=1777117730","","unreviewed"
"9981686645034","Flipkart non Transparent Bag  ( 100% barcode working )","https://www.ecosoftindia.in/products/flipkart-non-transparent-bag","50957119062314","10*13 / 1000 / Free Delivery","","10*13","1000","Free Delivery","3432.00","true","https://cdn.shopify.com/s/files/1/0965/0018/7434/files/WhatsApp_Image_2026-04-25_at_5.17.32_PM.jpg?v=1777117730","","unreviewed"
"9981686645034","Flipkart non Transparent Bag  ( 100% barcode working )","https://www.ecosoftindia.in/products/flipkart-non-transparent-bag","51374513389866","12.5*15 / 50 / Free Delivery","","12.5*15","50","Free Delivery","397.00","true","https://cdn.shopify.com/s/files/1/0965/0018/7434/files/WhatsApp_Image_2026-04-25_at_5.17.32_PM.jpg?v=1777117730","","unreviewed"
"9981686645034","Flipkart non Transparent Bag  ( 100% barcode working )","https://www.ecosoftindia.in/products/flipkart-non-transparent-bag","50957119095082","12.5*15 / 100 / Free Delivery","","12.5*15","100","Free Delivery","612.00","true","https://cdn.shopify.com/s/files/1/0965/0018/7434/files/WhatsApp_Image_2026-04-25_at_5.17.32_PM.jpg?v=1777117730","","unreviewed"
"9981686645034","Flipkart non Transparent Bag  ( 100% barcode working )","https://www.ecosoftindia.in/products/flipkart-non-transparent-bag","50957119127850","12.5*15 / 500 / Free Delivery","","12.5*15","500","Free Delivery","2145.00","true","https://cdn.shopify.com/s/files/1/0965/0018/7434/files/WhatsApp_Image_2026-04-25_at_5.17.32_PM.jpg?v=1777117730","","unreviewed"
"9981686645034","Flipkart non Transparent Bag  ( 100% barcode working )","https://www.ecosoftindia.in/products/flipkart-non-transparent-bag","50957119160618","12.5*15 / 1000 / Free Delivery","","12.5*15","1000","Free Delivery","4280.00","true","https://cdn.shopify.com/s/files/1/0965/0018/7434/files/WhatsApp_Image_2026-04-25_at_5.17.32_PM.jpg?v=1777117730","","unreviewed"
"9981686645034","Flipkart non Transparent Bag  ( 100% barcode working )","https://www.ecosoftindia.in/products/flipkart-non-transparent-bag","51374513422634","14*18 / 50 / Free Delivery","","14*18","50","Free Delivery","479.00","true","https://cdn.shopify.com/s/files/1/0965/0018/7434/files/WhatsApp_Image_2026-04-25_at_5.17.32_PM.jpg?v=1777117730","","unreviewed"
"9981686645034","Flipkart non Transparent Bag  ( 100% barcode working )","https://www.ecosoftindia.in/products/flipkart-non-transparent-bag","50957119193386","14*18 / 100 / Free Delivery","","14*18","100","Free Delivery","738.00","true","https://cdn.shopify.com/s/files/1/0965/0018/7434/files/WhatsApp_Image_2026-04-25_at_5.17.32_PM.jpg?v=1777117730","","unreviewed"
"9981686645034","Flipkart non Transparent Bag  ( 100% barcode working )","https://www.ecosoftindia.in/products/flipkart-non-transparent-bag","50957119226154","14*18 / 500 / Free Delivery","","14*18","500","Free Delivery","2715.00","true","https://cdn.shopify.com/s/files/1/0965/0018/7434/files/WhatsApp_Image_2026-04-25_at_5.17.32_PM.jpg?v=1777117730","","unreviewed"
"9981686645034","Flipkart non Transparent Bag  ( 100% barcode working )","https://www.ecosoftindia.in/products/flipkart-non-transparent-bag","50957119258922","14*18 / 1000 / Free Delivery","","14*18","1000","Free Delivery","5430.00","true","https://cdn.shopify.com/s/files/1/0965/0018/7434/files/WhatsApp_Image_2026-04-25_at_5.17.32_PM.jpg?v=1777117730","","unreviewed"
"9981686645034","Flipkart non Transparent Bag  ( 100% barcode working )","https://www.ecosoftindia.in/products/flipkart-non-transparent-bag","51374513455402","16*20 / 50 / Free Delivery","","16*20","50","Free Delivery","573.00","true","https://cdn.shopify.com/s/files/1/0965/0018/7434/files/WhatsApp_Image_2026-04-25_at_5.17.32_PM.jpg?v=1777117730","","unreviewed"
"9981686645034","Flipkart non Transparent Bag  ( 100% barcode working )","https://www.ecosoftindia.in/products/flipkart-non-transparent-bag","50957119291690","16*20 / 100 / Free Delivery","","16*20","100","Free Delivery","882.00","true","https://cdn.shopify.com/s/files/1/0965/0018/7434/files/WhatsApp_Image_2026-04-25_at_5.17.32_PM.jpg?v=1777117730","","unreviewed"
"9981686645034","Flipkart non Transparent Bag  ( 100% barcode working )","https://www.ecosoftindia.in/products/flipkart-non-transparent-bag","50957119324458","16*20 / 500 / Free Delivery","","16*20","500","Free Delivery","3430.00","true","https://cdn.shopify.com/s/files/1/0965/0018/7434/files/WhatsApp_Image_2026-04-25_at_5.17.32_PM.jpg?v=1777117730","","unreviewed"
"9981686645034","Flipkart non Transparent Bag  ( 100% barcode working )","https://www.ecosoftindia.in/products/flipkart-non-transparent-bag","50957119357226","16*20 / 1000 / Free Delivery","","16*20","1000","Free Delivery","6850.00","true","https://cdn.shopify.com/s/files/1/0965/0018/7434/files/WhatsApp_Image_2026-04-25_at_5.17.32_PM.jpg?v=1777117730","","unreviewed"
"9981686645034","Flipkart non Transparent Bag  ( 100% barcode working )","https://www.ecosoftindia.in/products/flipkart-non-transparent-bag","51374513488170","20*23 / 50 / Free Delivery","","20*23","50","Free Delivery","802.00","true","https://cdn.shopify.com/s/files/1/0965/0018/7434/files/WhatsApp_Image_2026-04-25_at_5.17.32_PM.jpg?v=1777117730","","unreviewed"
"9981686645034","Flipkart non Transparent Bag  ( 100% barcode working )","https://www.ecosoftindia.in/products/flipkart-non-transparent-bag","50957119389994","20*23 / 100 / Free Delivery","","20*23","100","Free Delivery","1235.00","true","https://cdn.shopify.com/s/files/1/0965/0018/7434/files/WhatsApp_Image_2026-04-25_at_5.17.32_PM.jpg?v=1777117730","","unreviewed"
"9981686645034","Flipkart non Transparent Bag  ( 100% barcode working )","https://www.ecosoftindia.in/products/flipkart-non-transparent-bag","50957119422762","20*23 / 500 / Free Delivery","","20*23","500","Free Delivery","4720.00","true","https://cdn.shopify.com/s/files/1/0965/0018/7434/files/WhatsApp_Image_2026-04-25_at_5.17.32_PM.jpg?v=1777117730","","unreviewed"
"9981686645034","Flipkart non Transparent Bag  ( 100% barcode working )","https://www.ecosoftindia.in/products/flipkart-non-transparent-bag","50957119455530","20*23 / 1000 / Free Delivery","","20*23","1000","Free Delivery","9430.00","true","https://cdn.shopify.com/s/files/1/0965/0018/7434/files/WhatsApp_Image_2026-04-25_at_5.17.32_PM.jpg?v=1777117730","","unreviewed"
"9981686645034","Flipkart non Transparent Bag  ( 100% barcode working )","https://www.ecosoftindia.in/products/flipkart-non-transparent-bag","51374513520938","25*28 / 50 / Free Delivery","","25*28","50","Free Delivery","1000.00","true","https://cdn.shopify.com/s/files/1/0965/0018/7434/files/WhatsApp_Image_2026-04-25_at_5.17.32_PM.jpg?v=1777117730","","unreviewed"
"9981686645034","Flipkart non Transparent Bag  ( 100% barcode working )","https://www.ecosoftindia.in/products/flipkart-non-transparent-bag","50957119488298","25*28 / 100 / Free Delivery","","25*28","100","Free Delivery","1700.00","true","https://cdn.shopify.com/s/files/1/0965/0018/7434/files/WhatsApp_Image_2026-04-25_at_5.17.32_PM.jpg?v=1777117730","","unreviewed"
"9981686645034","Flipkart non Transparent Bag  ( 100% barcode working )","https://www.ecosoftindia.in/products/flipkart-non-transparent-bag","50957119521066","25*28 / 500 / Free Delivery","","25*28","500","Free Delivery","7010.00","true","https://cdn.shopify.com/s/files/1/0965/0018/7434/files/WhatsApp_Image_2026-04-25_at_5.17.32_PM.jpg?v=1777117730","","unreviewed"
"9981686645034","Flipkart non Transparent Bag  ( 100% barcode working )","https://www.ecosoftindia.in/products/flipkart-non-transparent-bag","50957119553834","25*28 / 1000 / Free Delivery","","25*28","1000","Free Delivery","14010.00","true","https://cdn.shopify.com/s/files/1/0965/0018/7434/files/WhatsApp_Image_2026-04-25_at_5.17.32_PM.jpg?v=1777117730","","unreviewed"
"9981686645034","Flipkart non Transparent Bag  ( 100% barcode working )","https://www.ecosoftindia.in/products/flipkart-non-transparent-bag","52053721973034","5x27 / 50 / Free Delivery","","5x27","50","Free Delivery","169.00","false","https://cdn.shopify.com/s/files/1/0965/0018/7434/files/WhatsApp_Image_2026-04-25_at_5.17.32_PM.jpg?v=1777117730","","unreviewed"
"9981686645034","Flipkart non Transparent Bag  ( 100% barcode working )","https://www.ecosoftindia.in/products/flipkart-non-transparent-bag","52053722005802","5x27 / 100 / Free Delivery","","5x27","100","Free Delivery","169.00","false","https://cdn.shopify.com/s/files/1/0965/0018/7434/files/WhatsApp_Image_2026-04-25_at_5.17.32_PM.jpg?v=1777117730","","unreviewed"
"9981686645034","Flipkart non Transparent Bag  ( 100% barcode working )","https://www.ecosoftindia.in/products/flipkart-non-transparent-bag","52053722038570","5x27 / 500 / Free Delivery","","5x27","500","Free Delivery","169.00","false","https://cdn.shopify.com/s/files/1/0965/0018/7434/files/WhatsApp_Image_2026-04-25_at_5.17.32_PM.jpg?v=1777117730","","unreviewed"
"9981686645034","Flipkart non Transparent Bag  ( 100% barcode working )","https://www.ecosoftindia.in/products/flipkart-non-transparent-bag","52053722071338","5x27 / 1000 / Free Delivery","","5x27","1000","Free Delivery","169.00","false","https://cdn.shopify.com/s/files/1/0965/0018/7434/files/WhatsApp_Image_2026-04-25_at_5.17.32_PM.jpg?v=1777117730","","unreviewed"
"9981686645034","Flipkart non Transparent Bag  ( 100% barcode working )","https://www.ecosoftindia.in/products/flipkart-non-transparent-bag","52053722104106","7x25 / 50 / Free Delivery","","7x25","50","Free Delivery","169.00","false","https://cdn.shopify.com/s/files/1/0965/0018/7434/files/WhatsApp_Image_2026-04-25_at_5.17.32_PM.jpg?v=1777117730","","unreviewed"
"9981686645034","Flipkart non Transparent Bag  ( 100% barcode working )","https://www.ecosoftindia.in/products/flipkart-non-transparent-bag","52053722136874","7x25 / 100 / Free Delivery","","7x25","100","Free Delivery","169.00","false","https://cdn.shopify.com/s/files/1/0965/0018/7434/files/WhatsApp_Image_2026-04-25_at_5.17.32_PM.jpg?v=1777117730","","unreviewed"
"9981686645034","Flipkart non Transparent Bag  ( 100% barcode working )","https://www.ecosoftindia.in/products/flipkart-non-transparent-bag","52053722169642","7x25 / 500 / Free Delivery","","7x25","500","Free Delivery","169.00","false","https://cdn.shopify.com/s/files/1/0965/0018/7434/files/WhatsApp_Image_2026-04-25_at_5.17.32_PM.jpg?v=1777117730","","unreviewed"
"9981686645034","Flipkart non Transparent Bag  ( 100% barcode working )","https://www.ecosoftindia.in/products/flipkart-non-transparent-bag","52053722202410","7x25 / 1000 / Free Delivery","","7x25","1000","Free Delivery","169.00","false","https://cdn.shopify.com/s/files/1/0965/0018/7434/files/WhatsApp_Image_2026-04-25_at_5.17.32_PM.jpg?v=1777117730","","unreviewed"
"9981686645034","Flipkart non Transparent Bag  ( 100% barcode working )","https://www.ecosoftindia.in/products/flipkart-non-transparent-bag","52053722235178","5 X 20 / 50 / Free Delivery","","5 X 20","50","Free Delivery","169.00","false","https://cdn.shopify.com/s/files/1/0965/0018/7434/files/WhatsApp_Image_2026-04-25_at_5.17.32_PM.jpg?v=1777117730","","unreviewed"
"9981686645034","Flipkart non Transparent Bag  ( 100% barcode working )","https://www.ecosoftindia.in/products/flipkart-non-transparent-bag","52053722267946","5 X 20 / 100 / Free Delivery","","5 X 20","100","Free Delivery","169.00","false","https://cdn.shopify.com/s/files/1/0965/0018/7434/files/WhatsApp_Image_2026-04-25_at_5.17.32_PM.jpg?v=1777117730","","unreviewed"
"9981686645034","Flipkart non Transparent Bag  ( 100% barcode working )","https://www.ecosoftindia.in/products/flipkart-non-transparent-bag","52053722300714","5 X 20 / 500 / Free Delivery","","5 X 20","500","Free Delivery","169.00","false","https://cdn.shopify.com/s/files/1/0965/0018/7434/files/WhatsApp_Image_2026-04-25_at_5.17.32_PM.jpg?v=1777117730","","unreviewed"
"9981686645034","Flipkart non Transparent Bag  ( 100% barcode working )","https://www.ecosoftindia.in/products/flipkart-non-transparent-bag","52053722333482","5 X 20 / 1000 / Free Delivery","","5 X 20","1000","Free Delivery","169.00","false","https://cdn.shopify.com/s/files/1/0965/0018/7434/files/WhatsApp_Image_2026-04-25_at_5.17.32_PM.jpg?v=1777117730","","unreviewed"
"9982248649002","Brown Tape","https://www.ecosoftindia.in/products/brown-tape-use-for-packaging","50956465865002","3 inch 200m / 1 / Free Delivery","","3 inch 200m","1","Free Delivery","253.00","true","https://cdn.shopify.com/s/files/1/0965/0018/7434/files/WhatsApp_Image_2025-12-16_at_12.38.34_PM_1.jpg?v=1765869214","","unreviewed"
"9982248649002","Brown Tape","https://www.ecosoftindia.in/products/brown-tape-use-for-packaging","50956836536618","3 inch 200m / 3 / Free Delivery","","3 inch 200m","3","Free Delivery","653.00","true","https://cdn.shopify.com/s/files/1/0965/0018/7434/files/WhatsApp_Image_2025-12-16_at_12.38.34_PM_2.jpg?v=1765869214","","unreviewed"
"9982248649002","Brown Tape","https://www.ecosoftindia.in/products/brown-tape-use-for-packaging","50956836569386","3 inch 200m / 6 / Free Delivery","","3 inch 200m","6","Free Delivery","1305.00","true","https://cdn.shopify.com/s/files/1/0965/0018/7434/files/WhatsApp_Image_2025-12-16_at_12.38.34_PM_2.jpg?v=1765869214","","unreviewed"
"9982248649002","Brown Tape","https://www.ecosoftindia.in/products/brown-tape-use-for-packaging","50956836602154","3 inch 200m / 12 / Free Delivery","","3 inch 200m","12","Free Delivery","2430.00","true","https://cdn.shopify.com/s/files/1/0965/0018/7434/files/WhatsApp_Image_2025-12-16_at_12.38.34_PM_2.jpg?v=1765869214","","unreviewed"
"9982248649002","Brown Tape","https://www.ecosoftindia.in/products/brown-tape-use-for-packaging","50956465897770","2 inch 200m / 1 / Free Delivery","","2 inch 200m","1","Free Delivery","198.00","true","https://cdn.shopify.com/s/files/1/0965/0018/7434/files/WhatsApp_Image_2025-12-16_at_12.38.35_PM.jpg?v=1765869214","","unreviewed"
"9982248649002","Brown Tape","https://www.ecosoftindia.in/products/brown-tape-use-for-packaging","50956836634922","2 inch 200m / 3 / Free Delivery","","2 inch 200m","3","Free Delivery","435.00","true","https://cdn.shopify.com/s/files/1/0965/0018/7434/files/WhatsApp_Image_2025-12-16_at_12.38.34_PM_2.jpg?v=1765869214","","unreviewed"
"9982248649002","Brown Tape","https://www.ecosoftindia.in/products/brown-tape-use-for-packaging","50956836667690","2 inch 200m / 6 / Free Delivery","","2 inch 200m","6","Free Delivery","870.00","true","https://cdn.shopify.com/s/files/1/0965/0018/7434/files/WhatsApp_Image_2025-12-16_at_12.38.34_PM_2.jpg?v=1765869214","","unreviewed"
"9982248649002","Brown Tape","https://www.ecosoftindia.in/products/brown-tape-use-for-packaging","50956836700458","2 inch 200m / 12 / Free Delivery","","2 inch 200m","12","Free Delivery","1620.00","true","https://cdn.shopify.com/s/files/1/0965/0018/7434/files/WhatsApp_Image_2025-12-16_at_12.38.34_PM_2.jpg?v=1765869214","","unreviewed"
"9981690708266","Corrugated Packaging Boxes in 3 ply  Virgin Kraft Brown color","https://www.ecosoftindia.in/products/corrugated-packaging-boxes","50954508730666","5.3*5.3*5.3 / 25 / Free Delivery","","5.3*5.3*5.3","25","Free Delivery","399.00","true","https://cdn.shopify.com/s/files/1/0965/0018/7434/files/WhatsApp_Image_2025-12-15_at_9.11.32_PM.jpg?v=1765813350","","unreviewed"
"9981690708266","Corrugated Packaging Boxes in 3 ply  Virgin Kraft Brown color","https://www.ecosoftindia.in/products/corrugated-packaging-boxes","50957044908330","5.3*5.3*5.3 / 50 / Free Delivery","","5.3*5.3*5.3","50","Free Delivery","700.00","true","https://cdn.shopify.com/s/files/1/0965/0018/7434/files/WhatsAppImage2025-12-15at8.30.33PM.jpg?v=1765810912","","unreviewed"
"9981690708266","Corrugated Packaging Boxes in 3 ply  Virgin Kraft Brown color","https://www.ecosoftindia.in/products/corrugated-packaging-boxes","50957044941098","5.3*5.3*5.3 / 100 / Free Delivery","","5.3*5.3*5.3","100","Free Delivery","949.00","true","https://cdn.shopify.com/s/files/1/0965/0018/7434/files/WhatsAppImage2025-12-15at8.30.33PM.jpg?v=1765810912","","unreviewed"
"9981690708266","Corrugated Packaging Boxes in 3 ply  Virgin Kraft Brown color","https://www.ecosoftindia.in/products/corrugated-packaging-boxes","50957044973866","5.3*5.3*5.3 / 500 / Free Delivery","","5.3*5.3*5.3","500","Free Delivery","4699.00","true","https://cdn.shopify.com/s/files/1/0965/0018/7434/files/WhatsAppImage2025-12-15at8.30.33PM.jpg?v=1765810912","","unreviewed"
"9981690708266","Corrugated Packaging Boxes in 3 ply  Virgin Kraft Brown color","https://www.ecosoftindia.in/products/corrugated-packaging-boxes","50954508763434","8.5*6*3 / 25 / Free Delivery","","8.5*6*3","25","Free Delivery","399.00","true","https://cdn.shopify.com/s/files/1/0965/0018/7434/files/WhatsApp_Image_2025-12-15_at_9.17.25_PM.jpg?v=1765813703","","unreviewed"
"9981690708266","Corrugated Packaging Boxes in 3 ply  Virgin Kraft Brown color","https://www.ecosoftindia.in/products/corrugated-packaging-boxes","50957045006634","8.5*6*3 / 50 / Free Delivery","","8.5*6*3","50","Free Delivery","700.00","true","https://cdn.shopify.com/s/files/1/0965/0018/7434/files/WhatsAppImage2025-12-15at8.30.33PM.jpg?v=1765810912","","unreviewed"
"9981690708266","Corrugated Packaging Boxes in 3 ply  Virgin Kraft Brown color","https://www.ecosoftindia.in/products/corrugated-packaging-boxes","50957045039402","8.5*6*3 / 100 / Free Delivery","","8.5*6*3","100","Free Delivery","1199.00","true","https://cdn.shopify.com/s/files/1/0965/0018/7434/files/WhatsAppImage2025-12-15at8.30.33PM.jpg?v=1765810912","","unreviewed"
"9981690708266","Corrugated Packaging Boxes in 3 ply  Virgin Kraft Brown color","https://www.ecosoftindia.in/products/corrugated-packaging-boxes","50957045072170","8.5*6*3 / 500 / Free Delivery","","8.5*6*3","500","Free Delivery","4899.00","true","https://cdn.shopify.com/s/files/1/0965/0018/7434/files/WhatsAppImage2025-12-15at8.30.33PM.jpg?v=1765810912","","unreviewed"
"9981690708266","Corrugated Packaging Boxes in 3 ply  Virgin Kraft Brown color","https://www.ecosoftindia.in/products/corrugated-packaging-boxes","50954508796202","4.5*4.5*1.5 / 25 / Free Delivery","","4.5*4.5*1.5","25","Free Delivery","249.00","true","https://cdn.shopify.com/s/files/1/0965/0018/7434/files/WhatsApp_Image_2025-12-15_at_9.15.01_PM.jpg?v=1765813532","","unreviewed"
"9981690708266","Corrugated Packaging Boxes in 3 ply  Virgin Kraft Brown color","https://www.ecosoftindia.in/products/corrugated-packaging-boxes","50957045104938","4.5*4.5*1.5 / 50 / Free Delivery","","4.5*4.5*1.5","50","Free Delivery","399.00","true","https://cdn.shopify.com/s/files/1/0965/0018/7434/files/WhatsApp_Image_2025-12-15_at_9.15.01_PM.jpg?v=1765813532","","unreviewed"
"9981690708266","Corrugated Packaging Boxes in 3 ply  Virgin Kraft Brown color","https://www.ecosoftindia.in/products/corrugated-packaging-boxes","50957045137706","4.5*4.5*1.5 / 100 / Free Delivery","","4.5*4.5*1.5","100","Free Delivery","699.00","true","https://cdn.shopify.com/s/files/1/0965/0018/7434/files/WhatsApp_Image_2025-12-15_at_9.15.01_PM.jpg?v=1765813532","","unreviewed"
"9981690708266","Corrugated Packaging Boxes in 3 ply  Virgin Kraft Brown color","https://www.ecosoftindia.in/products/corrugated-packaging-boxes","50957045170474","4.5*4.5*1.5 / 500 / Free Delivery","","4.5*4.5*1.5","500","Free Delivery","2899.00","true","https://cdn.shopify.com/s/files/1/0965/0018/7434/files/WhatsApp_Image_2025-12-15_at_9.15.01_PM.jpg?v=1765813532","","unreviewed"
"9981690708266","Corrugated Packaging Boxes in 3 ply  Virgin Kraft Brown color","https://www.ecosoftindia.in/products/corrugated-packaging-boxes","50954508828970","8*5*2.5 / 25 / Free Delivery","","8*5*2.5","25","Free Delivery","295.00","true","https://cdn.shopify.com/s/files/1/0965/0018/7434/files/WhatsApp_Image_2025-12-15_at_9.13.13_PM.jpg?v=1765813428","","unreviewed"
"9981690708266","Corrugated Packaging Boxes in 3 ply  Virgin Kraft Brown color","https://www.ecosoftindia.in/products/corrugated-packaging-boxes","50957045203242","8*5*2.5 / 50 / Free Delivery","","8*5*2.5","50","Free Delivery","550.00","true","https://cdn.shopify.com/s/files/1/0965/0018/7434/files/WhatsAppImage2025-12-15at8.30.33PM.jpg?v=1765810912","","unreviewed"
"9981690708266","Corrugated Packaging Boxes in 3 ply  Virgin Kraft Brown color","https://www.ecosoftindia.in/products/corrugated-packaging-boxes","50957045236010","8*5*2.5 / 100 / Free Delivery","","8*5*2.5","100","Free Delivery","949.00","true","https://cdn.shopify.com/s/files/1/0965/0018/7434/files/WhatsAppImage2025-12-15at8.30.33PM.jpg?v=1765810912","","unreviewed"
"9981690708266","Corrugated Packaging Boxes in 3 ply  Virgin Kraft Brown color","https://www.ecosoftindia.in/products/corrugated-packaging-boxes","50957045268778","8*5*2.5 / 500 / Free Delivery","","8*5*2.5","500","Free Delivery","4199.00","true","https://cdn.shopify.com/s/files/1/0965/0018/7434/files/WhatsAppImage2025-12-15at8.30.33PM.jpg?v=1765810912","","unreviewed"
"9981690708266","Corrugated Packaging Boxes in 3 ply  Virgin Kraft Brown color","https://www.ecosoftindia.in/products/corrugated-packaging-boxes","50954508861738","7*5.25*4.25 / 25 / Free Delivery","","7*5.25*4.25","25","Free Delivery","399.00","true","https://cdn.shopify.com/s/files/1/0965/0018/7434/files/WhatsApp_Image_2025-12-20_at_9.43.40_PM_551b9d9e-675b-4b9d-b787-35733dc1c29f.jpg?v=1766247293","","unreviewed"
"9981690708266","Corrugated Packaging Boxes in 3 ply  Virgin Kraft Brown color","https://www.ecosoftindia.in/products/corrugated-packaging-boxes","50957045301546","7*5.25*4.25 / 50 / Free Delivery","","7*5.25*4.25","50","Free Delivery","700.00","true","https://cdn.shopify.com/s/files/1/0965/0018/7434/files/WhatsApp_Image_2025-12-20_at_9.43.40_PM_551b9d9e-675b-4b9d-b787-35733dc1c29f.jpg?v=1766247293","","unreviewed"
"9981690708266","Corrugated Packaging Boxes in 3 ply  Virgin Kraft Brown color","https://www.ecosoftindia.in/products/corrugated-packaging-boxes","50957045334314","7*5.25*4.25 / 100 / Free Delivery","","7*5.25*4.25","100","Free Delivery","999.00","true","https://cdn.shopify.com/s/files/1/0965/0018/7434/files/WhatsApp_Image_2025-12-20_at_9.43.40_PM_551b9d9e-675b-4b9d-b787-35733dc1c29f.jpg?v=1766247293","","unreviewed"
"9981690708266","Corrugated Packaging Boxes in 3 ply  Virgin Kraft Brown color","https://www.ecosoftindia.in/products/corrugated-packaging-boxes","50957045367082","7*5.25*4.25 / 500 / Free Delivery","","7*5.25*4.25","500","Free Delivery","4899.00","true","https://cdn.shopify.com/s/files/1/0965/0018/7434/files/WhatsApp_Image_2025-12-20_at_9.43.40_PM_551b9d9e-675b-4b9d-b787-35733dc1c29f.jpg?v=1766247293","","unreviewed"
"9981690708266","Corrugated Packaging Boxes in 3 ply  Virgin Kraft Brown color","https://www.ecosoftindia.in/products/corrugated-packaging-boxes","50973397844266","7.5*4.5*3.5 / 25 / Free Delivery","","7.5*4.5*3.5","25","Free Delivery","330.00","true","https://cdn.shopify.com/s/files/1/0965/0018/7434/files/WhatsApp_Image_2025-12-20_at_9.49.55_PM.jpg?v=1766247613","","unreviewed"
"9981690708266","Corrugated Packaging Boxes in 3 ply  Virgin Kraft Brown color","https://www.ecosoftindia.in/products/corrugated-packaging-boxes","50973397877034","7.5*4.5*3.5 / 50 / Free Delivery","","7.5*4.5*3.5","50","Free Delivery","600.00","true","https://cdn.shopify.com/s/files/1/0965/0018/7434/files/WhatsApp_Image_2025-12-20_at_9.49.55_PM.jpg?v=1766247613","","unreviewed"
"9981690708266","Corrugated Packaging Boxes in 3 ply  Virgin Kraft Brown color","https://www.ecosoftindia.in/products/corrugated-packaging-boxes","50973397909802","7.5*4.5*3.5 / 100 / Free Delivery","","7.5*4.5*3.5","100","Free Delivery","899.00","true","https://cdn.shopify.com/s/files/1/0965/0018/7434/files/WhatsApp_Image_2025-12-20_at_9.49.55_PM.jpg?v=1766247613","","unreviewed"
"9981690708266","Corrugated Packaging Boxes in 3 ply  Virgin Kraft Brown color","https://www.ecosoftindia.in/products/corrugated-packaging-boxes","50973397942570","7.5*4.5*3.5 / 500 / Free Delivery","","7.5*4.5*3.5","500","Free Delivery","4399.00","true","https://cdn.shopify.com/s/files/1/0965/0018/7434/files/WhatsApp_Image_2025-12-20_at_9.49.55_PM.jpg?v=1766247613","","unreviewed"
"9981690708266","Corrugated Packaging Boxes in 3 ply  Virgin Kraft Brown color","https://www.ecosoftindia.in/products/corrugated-packaging-boxes","50973649633578","8*7*5 / 25 / Free Delivery","","8*7*5","25","Free Delivery","550.00","true","https://cdn.shopify.com/s/files/1/0965/0018/7434/files/WhatsApp_Image_2025-12-20_at_9.48.19_PM.jpg?v=1766247544","","unreviewed"
"9981690708266","Corrugated Packaging Boxes in 3 ply  Virgin Kraft Brown color","https://www.ecosoftindia.in/products/corrugated-packaging-boxes","50973649666346","8*7*5 / 50 / Free Delivery","","8*7*5","50","Free Delivery","1050.00","true","https://cdn.shopify.com/s/files/1/0965/0018/7434/files/WhatsApp_Image_2025-12-20_at_9.48.19_PM.jpg?v=1766247544","","unreviewed"
"9981690708266","Corrugated Packaging Boxes in 3 ply  Virgin Kraft Brown color","https://www.ecosoftindia.in/products/corrugated-packaging-boxes","50973649699114","8*7*5 / 100 / Free Delivery","","8*7*5","100","Free Delivery","1399.00","true","https://cdn.shopify.com/s/files/1/0965/0018/7434/files/WhatsApp_Image_2025-12-20_at_9.48.19_PM.jpg?v=1766247544","","unreviewed"
"9981690708266","Corrugated Packaging Boxes in 3 ply  Virgin Kraft Brown color","https://www.ecosoftindia.in/products/corrugated-packaging-boxes","50973649731882","8*7*5 / 500 / Free Delivery","","8*7*5","500","Free Delivery","6499.00","true","https://cdn.shopify.com/s/files/1/0965/0018/7434/files/WhatsApp_Image_2025-12-20_at_9.48.19_PM.jpg?v=1766247544","","unreviewed"
"9981690708266","Corrugated Packaging Boxes in 3 ply  Virgin Kraft Brown color","https://www.ecosoftindia.in/products/corrugated-packaging-boxes","50973713203498","5*4.5*3.5 / 25 / Free Delivery","","5*4.5*3.5","25","Free Delivery","250.00","true","https://cdn.shopify.com/s/files/1/0965/0018/7434/files/WhatsApp_Image_2025-12-20_at_9.45.59_PM.jpg?v=1766247400","","unreviewed"
"9981690708266","Corrugated Packaging Boxes in 3 ply  Virgin Kraft Brown color","https://www.ecosoftindia.in/products/corrugated-packaging-boxes","50973713236266","5*4.5*3.5 / 50 / Free Delivery","","5*4.5*3.5","50","Free Delivery","450.00","true","https://cdn.shopify.com/s/files/1/0965/0018/7434/files/WhatsApp_Image_2025-12-20_at_9.45.59_PM.jpg?v=1766247400","","unreviewed"
"9981690708266","Corrugated Packaging Boxes in 3 ply  Virgin Kraft Brown color","https://www.ecosoftindia.in/products/corrugated-packaging-boxes","50973713269034","5*4.5*3.5 / 100 / Free Delivery","","5*4.5*3.5","100","Free Delivery","799.00","true","https://cdn.shopify.com/s/files/1/0965/0018/7434/files/WhatsApp_Image_2025-12-20_at_9.45.59_PM.jpg?v=1766247400","","unreviewed"
"9981690708266","Corrugated Packaging Boxes in 3 ply  Virgin Kraft Brown color","https://www.ecosoftindia.in/products/corrugated-packaging-boxes","50973713301802","5*4.5*3.5 / 500 / Free Delivery","","5*4.5*3.5","500","Free Delivery","3899.00","true","https://cdn.shopify.com/s/files/1/0965/0018/7434/files/WhatsApp_Image_2025-12-20_at_9.45.59_PM.jpg?v=1766247400","","unreviewed"
"9981690708266","Corrugated Packaging Boxes in 3 ply  Virgin Kraft Brown color","https://www.ecosoftindia.in/products/corrugated-packaging-boxes","50973759308074","8*5*2 / 25 / Free Delivery","","8*5*2","25","Free Delivery","325.00","true","https://cdn.shopify.com/s/files/1/0965/0018/7434/files/WhatsApp_Image_2025-12-20_at_9.36.23_PM.jpg?v=1766246851","","unreviewed"
"9981690708266","Corrugated Packaging Boxes in 3 ply  Virgin Kraft Brown color","https://www.ecosoftindia.in/products/corrugated-packaging-boxes","50973759340842","8*5*2 / 50 / Free Delivery","","8*5*2","50","Free Delivery","600.00","true","https://cdn.shopify.com/s/files/1/0965/0018/7434/files/WhatsApp_Image_2025-12-20_at_9.36.23_PM.jpg?v=1766246851","","unreviewed"
"9981690708266","Corrugated Packaging Boxes in 3 ply  Virgin Kraft Brown color","https://www.ecosoftindia.in/products/corrugated-packaging-boxes","50973759373610","8*5*2 / 100 / Free Delivery","","8*5*2","100","Free Delivery","849.00","true","https://cdn.shopify.com/s/files/1/0965/0018/7434/files/WhatsApp_Image_2025-12-20_at_9.36.23_PM.jpg?v=1766246851","","unreviewed"
"9981690708266","Corrugated Packaging Boxes in 3 ply  Virgin Kraft Brown color","https://www.ecosoftindia.in/products/corrugated-packaging-boxes","50973759406378","8*5*2 / 500 / Free Delivery","","8*5*2","500","Free Delivery","4199.00","true","https://cdn.shopify.com/s/files/1/0965/0018/7434/files/WhatsApp_Image_2025-12-20_at_9.36.23_PM.jpg?v=1766246851","","unreviewed"
"9981690708266","Corrugated Packaging Boxes in 3 ply  Virgin Kraft Brown color","https://www.ecosoftindia.in/products/corrugated-packaging-boxes","50973778903338","7*4*2 / 25 / Free Delivery","","7*4*2","25","Free Delivery","225.00","true","https://cdn.shopify.com/s/files/1/0965/0018/7434/files/WhatsApp_Image_2025-12-20_at_9.11.32_PM.jpg?v=1766245337","","unreviewed"
"9981690708266","Corrugated Packaging Boxes in 3 ply  Virgin Kraft Brown color","https://www.ecosoftindia.in/products/corrugated-packaging-boxes","50973778936106","7*4*2 / 50 / Free Delivery","","7*4*2","50","Free Delivery","400.00","true","https://cdn.shopify.com/s/files/1/0965/0018/7434/files/WhatsApp_Image_2025-12-20_at_9.11.32_PM.jpg?v=1766245337","","unreviewed"
"9981690708266","Corrugated Packaging Boxes in 3 ply  Virgin Kraft Brown color","https://www.ecosoftindia.in/products/corrugated-packaging-boxes","50973778968874","7*4*2 / 100 / Free Delivery","","7*4*2","100","Free Delivery","749.00","true","https://cdn.shopify.com/s/files/1/0965/0018/7434/files/WhatsApp_Image_2025-12-20_at_9.11.32_PM.jpg?v=1766245337","","unreviewed"
"9981690708266","Corrugated Packaging Boxes in 3 ply  Virgin Kraft Brown color","https://www.ecosoftindia.in/products/corrugated-packaging-boxes","50973779001642","7*4*2 / 500 / Free Delivery","","7*4*2","500","Free Delivery","3699.00","true","https://cdn.shopify.com/s/files/1/0965/0018/7434/files/WhatsApp_Image_2025-12-20_at_9.11.32_PM.jpg?v=1766245337","","unreviewed"
"9981690708266","Corrugated Packaging Boxes in 3 ply  Virgin Kraft Brown color","https://www.ecosoftindia.in/products/corrugated-packaging-boxes","50973800104234","7*4*3.5 / 25 / Free Delivery","","7*4*3.5","25","Free Delivery","270.00","true","https://cdn.shopify.com/s/files/1/0965/0018/7434/files/WhatsApp_Image_2025-12-20_at_9.07.51_PM.jpg?v=1766245096","","unreviewed"
"9981690708266","Corrugated Packaging Boxes in 3 ply  Virgin Kraft Brown color","https://www.ecosoftindia.in/products/corrugated-packaging-boxes","50973800137002","7*4*3.5 / 50 / Free Delivery","","7*4*3.5","50","Free Delivery","500.00","true","https://cdn.shopify.com/s/files/1/0965/0018/7434/files/WhatsApp_Image_2025-12-20_at_9.07.51_PM.jpg?v=1766245096","","unreviewed"
"9981690708266","Corrugated Packaging Boxes in 3 ply  Virgin Kraft Brown color","https://www.ecosoftindia.in/products/corrugated-packaging-boxes","50973800169770","7*4*3.5 / 100 / Free Delivery","","7*4*3.5","100","Free Delivery","799.00","true","https://cdn.shopify.com/s/files/1/0965/0018/7434/files/WhatsApp_Image_2025-12-20_at_9.07.51_PM.jpg?v=1766245096","","unreviewed"
"9981690708266","Corrugated Packaging Boxes in 3 ply  Virgin Kraft Brown color","https://www.ecosoftindia.in/products/corrugated-packaging-boxes","50973800202538","7*4*3.5 / 500 / Free Delivery","","7*4*3.5","500","Free Delivery","3899.00","true","https://cdn.shopify.com/s/files/1/0965/0018/7434/files/WhatsApp_Image_2025-12-20_at_9.07.51_PM.jpg?v=1766245096","","unreviewed"
"9981690708266","Corrugated Packaging Boxes in 3 ply  Virgin Kraft Brown color","https://www.ecosoftindia.in/products/corrugated-packaging-boxes","50973818388778","8*4*4 / 25 / Free Delivery","","8*4*4","25","Free Delivery","295.00","true","https://cdn.shopify.com/s/files/1/0965/0018/7434/files/WhatsApp_Image_2025-12-20_at_9.03.21_PM.jpg?v=1766244900","","unreviewed"
"9981690708266","Corrugated Packaging Boxes in 3 ply  Virgin Kraft Brown color","https://www.ecosoftindia.in/products/corrugated-packaging-boxes","50973818421546","8*4*4 / 50 / Free Delivery","","8*4*4","50","Free Delivery","550.00","true","https://cdn.shopify.com/s/files/1/0965/0018/7434/files/WhatsApp_Image_2025-12-20_at_9.03.21_PM.jpg?v=1766244900","","unreviewed"
"9981690708266","Corrugated Packaging Boxes in 3 ply  Virgin Kraft Brown color","https://www.ecosoftindia.in/products/corrugated-packaging-boxes","50973818454314","8*4*4 / 100 / Free Delivery","","8*4*4","100","Free Delivery","849.00","true","https://cdn.shopify.com/s/files/1/0965/0018/7434/files/WhatsApp_Image_2025-12-20_at_9.03.21_PM.jpg?v=1766244900","","unreviewed"
"9981690708266","Corrugated Packaging Boxes in 3 ply  Virgin Kraft Brown color","https://www.ecosoftindia.in/products/corrugated-packaging-boxes","50973818487082","8*4*4 / 500 / Free Delivery","","8*4*4","500","Free Delivery","4199.00","true","https://cdn.shopify.com/s/files/1/0965/0018/7434/files/WhatsApp_Image_2025-12-20_at_9.03.21_PM.jpg?v=1766244900","","unreviewed"
"9981690708266","Corrugated Packaging Boxes in 3 ply  Virgin Kraft Brown color","https://www.ecosoftindia.in/products/corrugated-packaging-boxes","50973842669866","9*8*8 / 25 / Free Delivery","","9*8*8","25","Free Delivery","699.00","true","https://cdn.shopify.com/s/files/1/0965/0018/7434/files/WhatsApp_Image_2025-12-20_at_9.00.45_PM.jpg?v=1766244681","","unreviewed"
"9981690708266","Corrugated Packaging Boxes in 3 ply  Virgin Kraft Brown color","https://www.ecosoftindia.in/products/corrugated-packaging-boxes","50973842702634","9*8*8 / 50 / Free Delivery","","9*8*8","50","Free Delivery","1349.00","true","https://cdn.shopify.com/s/files/1/0965/0018/7434/files/WhatsApp_Image_2025-12-20_at_9.00.45_PM.jpg?v=1766244681","","unreviewed"
"9981690708266","Corrugated Packaging Boxes in 3 ply  Virgin Kraft Brown color","https://www.ecosoftindia.in/products/corrugated-packaging-boxes","50973842735402","9*8*8 / 100 / Free Delivery","","9*8*8","100","Free Delivery","1999.00","true","https://cdn.shopify.com/s/files/1/0965/0018/7434/files/WhatsApp_Image_2025-12-20_at_9.00.45_PM.jpg?v=1766244681","","unreviewed"
"9981690708266","Corrugated Packaging Boxes in 3 ply  Virgin Kraft Brown color","https://www.ecosoftindia.in/products/corrugated-packaging-boxes","50973842768170","9*8*8 / 500 / Free Delivery","","9*8*8","500","Free Delivery","9799.00","true","https://cdn.shopify.com/s/files/1/0965/0018/7434/files/WhatsApp_Image_2025-12-20_at_9.00.45_PM.jpg?v=1766244681","","unreviewed"
"9981690708266","Corrugated Packaging Boxes in 3 ply  Virgin Kraft Brown color","https://www.ecosoftindia.in/products/corrugated-packaging-boxes","50973908664618","4*4*4 / 25 / Free Delivery","","4*4*4","25","Free Delivery","230.00","true","https://cdn.shopify.com/s/files/1/0965/0018/7434/files/WhatsApp_Image_2025-12-20_at_8.59.19_PM.jpg?v=1766244589","","unreviewed"
"9981690708266","Corrugated Packaging Boxes in 3 ply  Virgin Kraft Brown color","https://www.ecosoftindia.in/products/corrugated-packaging-boxes","50973908697386","4*4*4 / 50 / Free Delivery","","4*4*4","50","Free Delivery","400.00","true","https://cdn.shopify.com/s/files/1/0965/0018/7434/files/WhatsApp_Image_2025-12-20_at_8.59.19_PM.jpg?v=1766244589","","unreviewed"
"9981690708266","Corrugated Packaging Boxes in 3 ply  Virgin Kraft Brown color","https://www.ecosoftindia.in/products/corrugated-packaging-boxes","50973908730154","4*4*4 / 100 / Free Delivery","","4*4*4","100","Free Delivery","749.00","true","https://cdn.shopify.com/s/files/1/0965/0018/7434/files/WhatsApp_Image_2025-12-20_at_8.59.19_PM.jpg?v=1766244589","","unreviewed"
"9981690708266","Corrugated Packaging Boxes in 3 ply  Virgin Kraft Brown color","https://www.ecosoftindia.in/products/corrugated-packaging-boxes","50973908762922","4*4*4 / 500 / Free Delivery","","4*4*4","500","Free Delivery","3699.00","true","https://cdn.shopify.com/s/files/1/0965/0018/7434/files/WhatsApp_Image_2025-12-20_at_8.59.19_PM.jpg?v=1766244589","","unreviewed"
"9981690708266","Corrugated Packaging Boxes in 3 ply  Virgin Kraft Brown color","https://www.ecosoftindia.in/products/corrugated-packaging-boxes","50974010966314","10*6*2 / 25 / Free Delivery","","10*6*2","25","Free Delivery","420.00","true","https://cdn.shopify.com/s/files/1/0965/0018/7434/files/WhatsApp_Image_2025-12-20_at_8.57.20_PM_f6463136-8ba7-4ba8-a105-f0f6d5738c15.jpg?v=1766244544","","unreviewed"
"9981690708266","Corrugated Packaging Boxes in 3 ply  Virgin Kraft Brown color","https://www.ecosoftindia.in/products/corrugated-packaging-boxes","50974010999082","10*6*2 / 50 / Free Delivery","","10*6*2","50","Free Delivery","699.00","true","https://cdn.shopify.com/s/files/1/0965/0018/7434/files/WhatsApp_Image_2025-12-20_at_8.57.20_PM_f6463136-8ba7-4ba8-a105-f0f6d5738c15.jpg?v=1766244544","","unreviewed"
"9981690708266","Corrugated Packaging Boxes in 3 ply  Virgin Kraft Brown color","https://www.ecosoftindia.in/products/corrugated-packaging-boxes","50974011031850","10*6*2 / 100 / Free Delivery","","10*6*2","100","Free Delivery","999.00","true","https://cdn.shopify.com/s/files/1/0965/0018/7434/files/WhatsApp_Image_2025-12-20_at_8.57.20_PM_f6463136-8ba7-4ba8-a105-f0f6d5738c15.jpg?v=1766244544","","unreviewed"
"9981690708266","Corrugated Packaging Boxes in 3 ply  Virgin Kraft Brown color","https://www.ecosoftindia.in/products/corrugated-packaging-boxes","50974011064618","10*6*2 / 500 / Free Delivery","","10*6*2","500","Free Delivery","4899.00","true","https://cdn.shopify.com/s/files/1/0965/0018/7434/files/WhatsApp_Image_2025-12-20_at_8.57.20_PM_f6463136-8ba7-4ba8-a105-f0f6d5738c15.jpg?v=1766244544","","unreviewed"
"9981690708266","Corrugated Packaging Boxes in 3 ply  Virgin Kraft Brown color","https://www.ecosoftindia.in/products/corrugated-packaging-boxes","50974045077802","8*4*8 / 25 / Free Delivery","","8*4*8","25","Free Delivery","470.00","true","https://cdn.shopify.com/s/files/1/0965/0018/7434/files/WhatsApp_Image_2025-12-20_at_6.27.29_PM.jpg?v=1766235501","","unreviewed"
"9981690708266","Corrugated Packaging Boxes in 3 ply  Virgin Kraft Brown color","https://www.ecosoftindia.in/products/corrugated-packaging-boxes","50974045110570","8*4*8 / 50 / Free Delivery","","8*4*8","50","Free Delivery","900.00","true","https://cdn.shopify.com/s/files/1/0965/0018/7434/files/WhatsApp_Image_2025-12-20_at_6.27.29_PM.jpg?v=1766235501","","unreviewed"
"9981690708266","Corrugated Packaging Boxes in 3 ply  Virgin Kraft Brown color","https://www.ecosoftindia.in/products/corrugated-packaging-boxes","50974045143338","8*4*8 / 100 / Free Delivery","","8*4*8","100","Free Delivery","1599.00","true","https://cdn.shopify.com/s/files/1/0965/0018/7434/files/WhatsApp_Image_2025-12-20_at_6.27.29_PM.jpg?v=1766235501","","unreviewed"
"9981690708266","Corrugated Packaging Boxes in 3 ply  Virgin Kraft Brown color","https://www.ecosoftindia.in/products/corrugated-packaging-boxes","50974045176106","8*4*8 / 500 / Free Delivery","","8*4*8","500","Free Delivery","6500.00","true","https://cdn.shopify.com/s/files/1/0965/0018/7434/files/WhatsApp_Image_2025-12-20_at_6.27.29_PM.jpg?v=1766235501","","unreviewed"
"9981690708266","Corrugated Packaging Boxes in 3 ply  Virgin Kraft Brown color","https://www.ecosoftindia.in/products/corrugated-packaging-boxes","50974151672106","8*6*6 / 25 / Free Delivery","","8*6*6","25","Free Delivery","499.00","true","https://cdn.shopify.com/s/files/1/0965/0018/7434/files/WhatsApp_Image_2025-12-20_at_6.28.47_PM.jpg?v=1766235596","","unreviewed"
"9981690708266","Corrugated Packaging Boxes in 3 ply  Virgin Kraft Brown color","https://www.ecosoftindia.in/products/corrugated-packaging-boxes","50974151704874","8*6*6 / 50 / Free Delivery","","8*6*6","50","Free Delivery","899.00","true","https://cdn.shopify.com/s/files/1/0965/0018/7434/files/WhatsApp_Image_2025-12-20_at_6.28.47_PM.jpg?v=1766235596","","unreviewed"
"9981690708266","Corrugated Packaging Boxes in 3 ply  Virgin Kraft Brown color","https://www.ecosoftindia.in/products/corrugated-packaging-boxes","50974151737642","8*6*6 / 100 / Free Delivery","","8*6*6","100","Free Delivery","1299.00","true","https://cdn.shopify.com/s/files/1/0965/0018/7434/files/WhatsApp_Image_2025-12-20_at_6.28.47_PM.jpg?v=1766235596","","unreviewed"
"9981690708266","Corrugated Packaging Boxes in 3 ply  Virgin Kraft Brown color","https://www.ecosoftindia.in/products/corrugated-packaging-boxes","50974151770410","8*6*6 / 500 / Free Delivery","","8*6*6","500","Free Delivery","6899.00","true","https://cdn.shopify.com/s/files/1/0965/0018/7434/files/WhatsApp_Image_2025-12-20_at_6.28.47_PM.jpg?v=1766235596","","unreviewed"
"9981690708266","Corrugated Packaging Boxes in 3 ply  Virgin Kraft Brown color","https://www.ecosoftindia.in/products/corrugated-packaging-boxes","50974318297386","8*8*5.5 / 25 / Free Delivery","","8*8*5.5","25","Free Delivery","670.00","true","https://cdn.shopify.com/s/files/1/0965/0018/7434/files/WhatsApp_Image_2025-12-20_at_6.49.43_PM.jpg?v=1766236878","","unreviewed"
"9981690708266","Corrugated Packaging Boxes in 3 ply  Virgin Kraft Brown color","https://www.ecosoftindia.in/products/corrugated-packaging-boxes","50974318330154","8*8*5.5 / 50 / Free Delivery","","8*8*5.5","50","Free Delivery","999.00","true","https://cdn.shopify.com/s/files/1/0965/0018/7434/files/WhatsApp_Image_2025-12-20_at_6.49.43_PM.jpg?v=1766236878","","unreviewed"
"9981690708266","Corrugated Packaging Boxes in 3 ply  Virgin Kraft Brown color","https://www.ecosoftindia.in/products/corrugated-packaging-boxes","50974318362922","8*8*5.5 / 100 / Free Delivery","","8*8*5.5","100","Free Delivery","1599.00","true","https://cdn.shopify.com/s/files/1/0965/0018/7434/files/WhatsApp_Image_2025-12-20_at_6.49.43_PM.jpg?v=1766236878","","unreviewed"
"9981690708266","Corrugated Packaging Boxes in 3 ply  Virgin Kraft Brown color","https://www.ecosoftindia.in/products/corrugated-packaging-boxes","50974318395690","8*8*5.5 / 500 / Free Delivery","","8*8*5.5","500","Free Delivery","7999.00","true","https://cdn.shopify.com/s/files/1/0965/0018/7434/files/WhatsApp_Image_2025-12-20_at_6.49.43_PM.jpg?v=1766236878","","unreviewed"
"9981690708266","Corrugated Packaging Boxes in 3 ply  Virgin Kraft Brown color","https://www.ecosoftindia.in/products/corrugated-packaging-boxes","50974368465194","5*3*6.25 / 25 / Free Delivery","","5*3*6.25","25","Free Delivery","320.00","true","https://cdn.shopify.com/s/files/1/0965/0018/7434/files/WhatsApp_Image_2025-12-20_at_6.56.43_PM.jpg?v=1766237452","","unreviewed"
"9981690708266","Corrugated Packaging Boxes in 3 ply  Virgin Kraft Brown color","https://www.ecosoftindia.in/products/corrugated-packaging-boxes","50974368497962","5*3*6.25 / 50 / Free Delivery","","5*3*6.25","50","Free Delivery","600.00","true","https://cdn.shopify.com/s/files/1/0965/0018/7434/files/WhatsApp_Image_2025-12-20_at_6.56.43_PM.jpg?v=1766237452","","unreviewed"
"9981690708266","Corrugated Packaging Boxes in 3 ply  Virgin Kraft Brown color","https://www.ecosoftindia.in/products/corrugated-packaging-boxes","50974368530730","5*3*6.25 / 100 / Free Delivery","","5*3*6.25","100","Free Delivery","1099.00","true","https://cdn.shopify.com/s/files/1/0965/0018/7434/files/WhatsApp_Image_2025-12-20_at_6.56.43_PM.jpg?v=1766237452","","unreviewed"
"9981690708266","Corrugated Packaging Boxes in 3 ply  Virgin Kraft Brown color","https://www.ecosoftindia.in/products/corrugated-packaging-boxes","50974368563498","5*3*6.25 / 500 / Free Delivery","","5*3*6.25","500","Free Delivery","5399.00","true","https://cdn.shopify.com/s/files/1/0965/0018/7434/files/WhatsApp_Image_2025-12-20_at_6.56.43_PM.jpg?v=1766237452","","unreviewed"
"9981690708266","Corrugated Packaging Boxes in 3 ply  Virgin Kraft Brown color","https://www.ecosoftindia.in/products/corrugated-packaging-boxes","50974407065898","6*4.2*4 / 25 / Free Delivery","","6*4.2*4","25","Free Delivery","295.00","true","https://cdn.shopify.com/s/files/1/0965/0018/7434/files/WhatsApp_Image_2025-12-20_at_7.03.04_PM_1.jpg?v=1766237891","","unreviewed"
"9981690708266","Corrugated Packaging Boxes in 3 ply  Virgin Kraft Brown color","https://www.ecosoftindia.in/products/corrugated-packaging-boxes","50974407098666","6*4.2*4 / 50 / Free Delivery","","6*4.2*4","50","Free Delivery","550.00","true","https://cdn.shopify.com/s/files/1/0965/0018/7434/files/WhatsApp_Image_2025-12-20_at_7.03.04_PM_1.jpg?v=1766237891","","unreviewed"
"9981690708266","Corrugated Packaging Boxes in 3 ply  Virgin Kraft Brown color","https://www.ecosoftindia.in/products/corrugated-packaging-boxes","50974407131434","6*4.2*4 / 100 / Free Delivery","","6*4.2*4","100","Free Delivery","799.00","true","https://cdn.shopify.com/s/files/1/0965/0018/7434/files/WhatsApp_Image_2025-12-20_at_7.03.04_PM_1.jpg?v=1766237891","","unreviewed"
"9981690708266","Corrugated Packaging Boxes in 3 ply  Virgin Kraft Brown color","https://www.ecosoftindia.in/products/corrugated-packaging-boxes","50974407164202","6*4.2*4 / 500 / Free Delivery","","6*4.2*4","500","Free Delivery","3899.00","true","https://cdn.shopify.com/s/files/1/0965/0018/7434/files/WhatsApp_Image_2025-12-20_at_7.03.04_PM_1.jpg?v=1766237891","","unreviewed"
"9981690708266","Corrugated Packaging Boxes in 3 ply  Virgin Kraft Brown color","https://www.ecosoftindia.in/products/corrugated-packaging-boxes","50974733697322","2*2*6 / 25 / Free Delivery","","2*2*6","25","Free Delivery","249.00","true","https://cdn.shopify.com/s/files/1/0965/0018/7434/files/WhatsApp_Image_2025-12-20_at_7.06.34_PM.jpg?v=1766244251","","unreviewed"
"9981690708266","Corrugated Packaging Boxes in 3 ply  Virgin Kraft Brown color","https://www.ecosoftindia.in/products/corrugated-packaging-boxes","50974733730090","2*2*6 / 50 / Free Delivery","","2*2*6","50","Free Delivery","399.00","true","https://cdn.shopify.com/s/files/1/0965/0018/7434/files/WhatsApp_Image_2025-12-20_at_7.06.34_PM.jpg?v=1766244251","","unreviewed"
"9981690708266","Corrugated Packaging Boxes in 3 ply  Virgin Kraft Brown color","https://www.ecosoftindia.in/products/corrugated-packaging-boxes","50974733762858","2*2*6 / 100 / Free Delivery","","2*2*6","100","Free Delivery","600.00","true","https://cdn.shopify.com/s/files/1/0965/0018/7434/files/WhatsApp_Image_2025-12-20_at_7.06.34_PM.jpg?v=1766244251","","unreviewed"
"9981690708266","Corrugated Packaging Boxes in 3 ply  Virgin Kraft Brown color","https://www.ecosoftindia.in/products/corrugated-packaging-boxes","50974733795626","2*2*6 / 500 / Free Delivery","","2*2*6","500","Free Delivery","2899.00","true","https://cdn.shopify.com/s/files/1/0965/0018/7434/files/WhatsApp_Image_2025-12-20_at_7.06.34_PM.jpg?v=1766244251","","unreviewed"
"9981690708266","Corrugated Packaging Boxes in 3 ply  Virgin Kraft Brown color","https://www.ecosoftindia.in/products/corrugated-packaging-boxes","50974803493162","3*3*10 / 25 / Free Delivery","","3*3*10","25","Free Delivery","370.00","true","https://cdn.shopify.com/s/files/1/0965/0018/7434/files/WhatsApp_Image_2025-12-20_at_9.57.28_PM.jpg?v=1766248073","","unreviewed"
"9981690708266","Corrugated Packaging Boxes in 3 ply  Virgin Kraft Brown color","https://www.ecosoftindia.in/products/corrugated-packaging-boxes","50974803525930","3*3*10 / 50 / Free Delivery","","3*3*10","50","Free Delivery","699.00","true","https://cdn.shopify.com/s/files/1/0965/0018/7434/files/WhatsApp_Image_2025-12-20_at_9.57.28_PM.jpg?v=1766248073","","unreviewed"
"9981690708266","Corrugated Packaging Boxes in 3 ply  Virgin Kraft Brown color","https://www.ecosoftindia.in/products/corrugated-packaging-boxes","50974803558698","3*3*10 / 100 / Free Delivery","","3*3*10","100","Free Delivery","899.00","true","https://cdn.shopify.com/s/files/1/0965/0018/7434/files/WhatsApp_Image_2025-12-20_at_9.57.28_PM.jpg?v=1766248073","","unreviewed"
"9981690708266","Corrugated Packaging Boxes in 3 ply  Virgin Kraft Brown color","https://www.ecosoftindia.in/products/corrugated-packaging-boxes","50974803591466","3*3*10 / 500 / Free Delivery","","3*3*10","500","Free Delivery","4399.00","true","https://cdn.shopify.com/s/files/1/0965/0018/7434/files/WhatsApp_Image_2025-12-20_at_9.57.28_PM.jpg?v=1766248073","","unreviewed"
"9981690708266","Corrugated Packaging Boxes in 3 ply  Virgin Kraft Brown color","https://www.ecosoftindia.in/products/corrugated-packaging-boxes","51068516630826","10.5*1.5*10.5 / 25 / Free Delivery","","10.5*1.5*10.5","25","Free Delivery","525.00","true","https://cdn.shopify.com/s/files/1/0965/0018/7434/files/WhatsAppImage2025-12-15at8.30.33PM.jpg?v=1765810912","","unreviewed"
"9981690708266","Corrugated Packaging Boxes in 3 ply  Virgin Kraft Brown color","https://www.ecosoftindia.in/products/corrugated-packaging-boxes","51068516663594","10.5*1.5*10.5 / 50 / Free Delivery","","10.5*1.5*10.5","50","Free Delivery","899.00","true","https://cdn.shopify.com/s/files/1/0965/0018/7434/files/WhatsAppImage2025-12-15at8.30.33PM.jpg?v=1765810912","","unreviewed"
"9981690708266","Corrugated Packaging Boxes in 3 ply  Virgin Kraft Brown color","https://www.ecosoftindia.in/products/corrugated-packaging-boxes","51068516696362","10.5*1.5*10.5 / 100 / Free Delivery","","10.5*1.5*10.5","100","Free Delivery","1199.00","true","https://cdn.shopify.com/s/files/1/0965/0018/7434/files/WhatsAppImage2025-12-15at8.30.33PM.jpg?v=1765810912","","unreviewed"
"9981690708266","Corrugated Packaging Boxes in 3 ply  Virgin Kraft Brown color","https://www.ecosoftindia.in/products/corrugated-packaging-boxes","51068516729130","10.5*1.5*10.5 / 500 / Free Delivery","","10.5*1.5*10.5","500","Free Delivery","5799.00","true","https://cdn.shopify.com/s/files/1/0965/0018/7434/files/WhatsAppImage2025-12-15at8.30.33PM.jpg?v=1765810912","","unreviewed"
"9981690708266","Corrugated Packaging Boxes in 3 ply  Virgin Kraft Brown color","https://www.ecosoftindia.in/products/corrugated-packaging-boxes","51165401710890","9x6x3 / 25 / Free Delivery","","9x6x3","25","Free Delivery","420.00","true","https://cdn.shopify.com/s/files/1/0965/0018/7434/files/WhatsApp_Image_2026-06-24_at_4.23.43_PM.jpg?v=1782298476","","unreviewed"
"9981690708266","Corrugated Packaging Boxes in 3 ply  Virgin Kraft Brown color","https://www.ecosoftindia.in/products/corrugated-packaging-boxes","51165401743658","9x6x3 / 50 / Free Delivery","","9x6x3","50","Free Delivery","699.00","true","https://cdn.shopify.com/s/files/1/0965/0018/7434/files/WhatsApp_Image_2026-06-24_at_4.23.43_PM.jpg?v=1782298476","","unreviewed"
"9981690708266","Corrugated Packaging Boxes in 3 ply  Virgin Kraft Brown color","https://www.ecosoftindia.in/products/corrugated-packaging-boxes","51165401776426","9x6x3 / 100 / Free Delivery","","9x6x3","100","Free Delivery","999.00","true","https://cdn.shopify.com/s/files/1/0965/0018/7434/files/WhatsApp_Image_2026-06-24_at_4.23.43_PM.jpg?v=1782298476","","unreviewed"
"9981690708266","Corrugated Packaging Boxes in 3 ply  Virgin Kraft Brown color","https://www.ecosoftindia.in/products/corrugated-packaging-boxes","51165401809194","9x6x3 / 500 / Free Delivery","","9x6x3","500","Free Delivery","4899.00","true","https://cdn.shopify.com/s/files/1/0965/0018/7434/files/WhatsApp_Image_2026-06-24_at_4.23.43_PM.jpg?v=1782298476","","unreviewed"
"9981690708266","Corrugated Packaging Boxes in 3 ply  Virgin Kraft Brown color","https://www.ecosoftindia.in/products/corrugated-packaging-boxes","51168392610090","9x6x2 / 25 / Free Delivery","","9x6x2","25","Free Delivery","420.00","true","https://cdn.shopify.com/s/files/1/0965/0018/7434/files/WhatsApp_Image_2026-06-24_at_4.23.44_PM.jpg?v=1782298504","","unreviewed"
"9981690708266","Corrugated Packaging Boxes in 3 ply  Virgin Kraft Brown color","https://www.ecosoftindia.in/products/corrugated-packaging-boxes","51168392642858","9x6x2 / 50 / Free Delivery","","9x6x2","50","Free Delivery","649.00","true","https://cdn.shopify.com/s/files/1/0965/0018/7434/files/WhatsApp_Image_2026-06-24_at_4.23.44_PM.jpg?v=1782298504","","unreviewed"
"9981690708266","Corrugated Packaging Boxes in 3 ply  Virgin Kraft Brown color","https://www.ecosoftindia.in/products/corrugated-packaging-boxes","51168392675626","9x6x2 / 100 / Free Delivery","","9x6x2","100","Free Delivery","1099.00","true","https://cdn.shopify.com/s/files/1/0965/0018/7434/files/WhatsApp_Image_2026-06-24_at_4.23.44_PM.jpg?v=1782298504","","unreviewed"
"9981690708266","Corrugated Packaging Boxes in 3 ply  Virgin Kraft Brown color","https://www.ecosoftindia.in/products/corrugated-packaging-boxes","51168392708394","9x6x2 / 500 / Free Delivery","","9x6x2","500","Free Delivery","4699.00","true","https://cdn.shopify.com/s/files/1/0965/0018/7434/files/WhatsApp_Image_2026-06-24_at_4.23.44_PM.jpg?v=1782298504","","unreviewed"
"9981690708266","Corrugated Packaging Boxes in 3 ply  Virgin Kraft Brown color","https://www.ecosoftindia.in/products/corrugated-packaging-boxes","51591386726698","10x4x4 / 25 / Free Delivery","","10x4x4","25","Free Delivery","399.00","true","https://cdn.shopify.com/s/files/1/0965/0018/7434/files/WhatsApp_Image_2026-06-24_at_4.32.00_PM_b9eb4a51-a504-4b46-a662-11438a24bc8b.jpg?v=1782301073","","unreviewed"
"9981690708266","Corrugated Packaging Boxes in 3 ply  Virgin Kraft Brown color","https://www.ecosoftindia.in/products/corrugated-packaging-boxes","51591386759466","10x4x4 / 50 / Free Delivery","","10x4x4","50","Free Delivery","649.00","true","https://cdn.shopify.com/s/files/1/0965/0018/7434/files/WhatsApp_Image_2026-06-24_at_4.32.00_PM_b9eb4a51-a504-4b46-a662-11438a24bc8b.jpg?v=1782301073","","unreviewed"
"9981690708266","Corrugated Packaging Boxes in 3 ply  Virgin Kraft Brown color","https://www.ecosoftindia.in/products/corrugated-packaging-boxes","51591386792234","10x4x4 / 100 / Free Delivery","","10x4x4","100","Free Delivery","949.00","true","https://cdn.shopify.com/s/files/1/0965/0018/7434/files/WhatsApp_Image_2026-06-24_at_4.32.00_PM_b9eb4a51-a504-4b46-a662-11438a24bc8b.jpg?v=1782301073","","unreviewed"
"9981690708266","Corrugated Packaging Boxes in 3 ply  Virgin Kraft Brown color","https://www.ecosoftindia.in/products/corrugated-packaging-boxes","51591386825002","10x4x4 / 500 / Free Delivery","","10x4x4","500","Free Delivery","4699.00","true","https://cdn.shopify.com/s/files/1/0965/0018/7434/files/WhatsApp_Image_2026-06-24_at_4.32.00_PM_b9eb4a51-a504-4b46-a662-11438a24bc8b.jpg?v=1782301073","","unreviewed"
"9981690708266","Corrugated Packaging Boxes in 3 ply  Virgin Kraft Brown color","https://www.ecosoftindia.in/products/corrugated-packaging-boxes","51591386857770","9x1x13.5 / 25 / Free Delivery","","9x1x13.5","25","Free Delivery","599.00","true","https://cdn.shopify.com/s/files/1/0965/0018/7434/files/WhatsAppImage2025-12-15at8.30.33PM.jpg?v=1765810912","","unreviewed"
"9981690708266","Corrugated Packaging Boxes in 3 ply  Virgin Kraft Brown color","https://www.ecosoftindia.in/products/corrugated-packaging-boxes","51591386890538","9x1x13.5 / 50 / Free Delivery","","9x1x13.5","50","Free Delivery","899.00","true","https://cdn.shopify.com/s/files/1/0965/0018/7434/files/WhatsAppImage2025-12-15at8.30.33PM.jpg?v=1765810912","","unreviewed"
"9981690708266","Corrugated Packaging Boxes in 3 ply  Virgin Kraft Brown color","https://www.ecosoftindia.in/products/corrugated-packaging-boxes","51591386923306","9x1x13.5 / 100 / Free Delivery","","9x1x13.5","100","Free Delivery","1299.00","true","https://cdn.shopify.com/s/files/1/0965/0018/7434/files/WhatsAppImage2025-12-15at8.30.33PM.jpg?v=1765810912","","unreviewed"
"9981690708266","Corrugated Packaging Boxes in 3 ply  Virgin Kraft Brown color","https://www.ecosoftindia.in/products/corrugated-packaging-boxes","51591386956074","9x1x13.5 / 500 / Free Delivery","","9x1x13.5","500","Free Delivery","6299.00","true","https://cdn.shopify.com/s/files/1/0965/0018/7434/files/WhatsAppImage2025-12-15at8.30.33PM.jpg?v=1765810912","","unreviewed"
"9981690708266","Corrugated Packaging Boxes in 3 ply  Virgin Kraft Brown color","https://www.ecosoftindia.in/products/corrugated-packaging-boxes","51923386630442","4x3x3 / 25 / Free Delivery","","4x3x3","25","Free Delivery","249.00","true","https://cdn.shopify.com/s/files/1/0965/0018/7434/files/WhatsApp_Image_2026-06-24_at_4.55.13_PM_1.jpg?v=1782301039","","unreviewed"
"9981690708266","Corrugated Packaging Boxes in 3 ply  Virgin Kraft Brown color","https://www.ecosoftindia.in/products/corrugated-packaging-boxes","51923386663210","4x3x3 / 50 / Free Delivery","","4x3x3","50","Free Delivery","399.00","true","https://cdn.shopify.com/s/files/1/0965/0018/7434/files/WhatsApp_Image_2026-06-24_at_4.55.13_PM_1.jpg?v=1782301039","","unreviewed"
"9981690708266","Corrugated Packaging Boxes in 3 ply  Virgin Kraft Brown color","https://www.ecosoftindia.in/products/corrugated-packaging-boxes","51923386695978","4x3x3 / 100 / Free Delivery","","4x3x3","100","Free Delivery","600.00","true","https://cdn.shopify.com/s/files/1/0965/0018/7434/files/WhatsApp_Image_2026-06-24_at_4.55.13_PM_1.jpg?v=1782301039","","unreviewed"
"9981690708266","Corrugated Packaging Boxes in 3 ply  Virgin Kraft Brown color","https://www.ecosoftindia.in/products/corrugated-packaging-boxes","51923386728746","4x3x3 / 500 / Free Delivery","","4x3x3","500","Free Delivery","2899.00","true","https://cdn.shopify.com/s/files/1/0965/0018/7434/files/WhatsApp_Image_2026-06-24_at_4.55.13_PM_1.jpg?v=1782301039","","unreviewed"
"10003037749546","Blue Plain Tamper Proof  Courier Bag with Pocket","https://www.ecosoftindia.in/products/blue-plain-tamper-proof-courier-bag-with-pocket","51008834208042","6*8 / 100 / Free Delivery","","6*8","100","Free Delivery","249.00","false","https://cdn.shopify.com/s/files/1/0965/0018/7434/files/WhatsAppImage2025-12-31at4.29.39PM.jpg?v=1767178813","","unreviewed"
"10003037749546","Blue Plain Tamper Proof  Courier Bag with Pocket","https://www.ecosoftindia.in/products/blue-plain-tamper-proof-courier-bag-with-pocket","51444835844394","6*8 / 500 / Free Delivery","","6*8","500","Free Delivery","749.00","true","https://cdn.shopify.com/s/files/1/0965/0018/7434/files/WhatsAppImage2025-12-31at4.29.39PM.jpg?v=1767178813","","unreviewed"
"10003037749546","Blue Plain Tamper Proof  Courier Bag with Pocket","https://www.ecosoftindia.in/products/blue-plain-tamper-proof-courier-bag-with-pocket","51008834240810","8*10 / 100 / Free Delivery","","8*10","100","Free Delivery","399.00","false","https://cdn.shopify.com/s/files/1/0965/0018/7434/files/WhatsAppImage2025-12-31at4.29.39PM.jpg?v=1767178813","","unreviewed"
"10003037749546","Blue Plain Tamper Proof  Courier Bag with Pocket","https://www.ecosoftindia.in/products/blue-plain-tamper-proof-courier-bag-with-pocket","51444835877162","8*10 / 500 / Free Delivery","","8*10","500","Free Delivery","1049.00","true","https://cdn.shopify.com/s/files/1/0965/0018/7434/files/WhatsAppImage2025-12-31at4.29.39PM.jpg?v=1767178813","","unreviewed"
"10003037749546","Blue Plain Tamper Proof  Courier Bag with Pocket","https://www.ecosoftindia.in/products/blue-plain-tamper-proof-courier-bag-with-pocket","51008834273578","10*14 / 100 / Free Delivery","","10*14","100","Free Delivery","549.00","false","https://cdn.shopify.com/s/files/1/0965/0018/7434/files/WhatsAppImage2025-12-31at4.29.39PM.jpg?v=1767178813","","unreviewed"
"10003037749546","Blue Plain Tamper Proof  Courier Bag with Pocket","https://www.ecosoftindia.in/products/blue-plain-tamper-proof-courier-bag-with-pocket","51444835909930","10*14 / 500 / Free Delivery","","10*14","500","Free Delivery","1749.00","true","https://cdn.shopify.com/s/files/1/0965/0018/7434/files/WhatsAppImage2025-12-31at4.29.39PM.jpg?v=1767178813","","unreviewed"
"10003037749546","Blue Plain Tamper Proof  Courier Bag with Pocket","https://www.ecosoftindia.in/products/blue-plain-tamper-proof-courier-bag-with-pocket","51008834306346","12*16 / 100 / Free Delivery","","12*16","100","Free Delivery","649.00","true","https://cdn.shopify.com/s/files/1/0965/0018/7434/files/WhatsAppImage2025-12-31at4.29.39PM.jpg?v=1767178813","","unreviewed"
"10003037749546","Blue Plain Tamper Proof  Courier Bag with Pocket","https://www.ecosoftindia.in/products/blue-plain-tamper-proof-courier-bag-with-pocket","51444835942698","12*16 / 500 / Free Delivery","","12*16","500","Free Delivery","2149.00","true","https://cdn.shopify.com/s/files/1/0965/0018/7434/files/WhatsAppImage2025-12-31at4.29.39PM.jpg?v=1767178813","","unreviewed"
"9997447758122","Black Plain Tamper Proof  Courier Bag with Pocket","https://www.ecosoftindia.in/products/black-plain-tamper-proof-courier-bag-with-pocket","51008760185130","6*8 / 100 / Free Delivery","","6*8","100","Free Delivery","249.00","true","https://cdn.shopify.com/s/files/1/0965/0018/7434/files/WhatsAppImage2025-12-27at5.43.13PM.jpg?v=1766837654","","unreviewed"
"9997447758122","Black Plain Tamper Proof  Courier Bag with Pocket","https://www.ecosoftindia.in/products/black-plain-tamper-proof-courier-bag-with-pocket","51444854194474","6*8 / 500 / Free Delivery","","6*8","500","Free Delivery","749.00","true","https://cdn.shopify.com/s/files/1/0965/0018/7434/files/WhatsAppImage2025-12-27at5.43.13PM.jpg?v=1766837654","","unreviewed"
"9997447758122","Black Plain Tamper Proof  Courier Bag with Pocket","https://www.ecosoftindia.in/products/black-plain-tamper-proof-courier-bag-with-pocket","51008760217898","8*10 / 100 / Free Delivery","","8*10","100","Free Delivery","399.00","true","https://cdn.shopify.com/s/files/1/0965/0018/7434/files/WhatsAppImage2025-12-27at5.43.13PM.jpg?v=1766837654","","unreviewed"
"9997447758122","Black Plain Tamper Proof  Courier Bag with Pocket","https://www.ecosoftindia.in/products/black-plain-tamper-proof-courier-bag-with-pocket","51444854227242","8*10 / 500 / Free Delivery","","8*10","500","Free Delivery","1049.00","true","https://cdn.shopify.com/s/files/1/0965/0018/7434/files/WhatsAppImage2025-12-27at5.43.13PM.jpg?v=1766837654","","unreviewed"
"9997447758122","Black Plain Tamper Proof  Courier Bag with Pocket","https://www.ecosoftindia.in/products/black-plain-tamper-proof-courier-bag-with-pocket","51008760250666","10*14 / 100 / Free Delivery","","10*14","100","Free Delivery","549.00","false","https://cdn.shopify.com/s/files/1/0965/0018/7434/files/WhatsAppImage2025-12-27at5.43.13PM.jpg?v=1766837654","","unreviewed"
"9997447758122","Black Plain Tamper Proof  Courier Bag with Pocket","https://www.ecosoftindia.in/products/black-plain-tamper-proof-courier-bag-with-pocket","51444854260010","10*14 / 500 / Free Delivery","","10*14","500","Free Delivery","1749.00","false","https://cdn.shopify.com/s/files/1/0965/0018/7434/files/WhatsAppImage2025-12-27at5.43.13PM.jpg?v=1766837654","","unreviewed"
"9997447758122","Black Plain Tamper Proof  Courier Bag with Pocket","https://www.ecosoftindia.in/products/black-plain-tamper-proof-courier-bag-with-pocket","51008760283434","12*16 / 100 / Free Delivery","","12*16","100","Free Delivery","649.00","true","https://cdn.shopify.com/s/files/1/0965/0018/7434/files/WhatsAppImage2025-12-27at5.43.13PM.jpg?v=1766837654","","unreviewed"
"9997447758122","Black Plain Tamper Proof  Courier Bag with Pocket","https://www.ecosoftindia.in/products/black-plain-tamper-proof-courier-bag-with-pocket","51444854292778","12*16 / 500 / Free Delivery","","12*16","500","Free Delivery","2149.00","true","https://cdn.shopify.com/s/files/1/0965/0018/7434/files/WhatsAppImage2025-12-27at5.43.13PM.jpg?v=1766837654","","unreviewed"
"9982276927786","Amazon Transparent Tape","https://www.ecosoftindia.in/products/amazon-transparent-tape-use-for-packaging","50956746850602","2 inch 130m / 1 / Free Delivery","","2 inch 130m","1","Free Delivery","198.00","true","https://cdn.shopify.com/s/files/1/0965/0018/7434/files/WhatsAppImage2025-12-16at1.39.03PM.jpg?v=1765872614","","unreviewed"
"9982276927786","Amazon Transparent Tape","https://www.ecosoftindia.in/products/amazon-transparent-tape-use-for-packaging","50956822708522","2 inch 130m / 3 / Free Delivery","","2 inch 130m","3","Free Delivery","435.00","true","https://cdn.shopify.com/s/files/1/0965/0018/7434/files/WhatsAppImage2025-12-16at1.39.03PM.jpg?v=1765872614","","unreviewed"
"9982276927786","Amazon Transparent Tape","https://www.ecosoftindia.in/products/amazon-transparent-tape-use-for-packaging","50956822741290","2 inch 130m / 6 / Free Delivery","","2 inch 130m","6","Free Delivery","870.00","true","https://cdn.shopify.com/s/files/1/0965/0018/7434/files/WhatsAppImage2025-12-16at1.39.03PM.jpg?v=1765872614","","unreviewed"
"9982276927786","Amazon Transparent Tape","https://www.ecosoftindia.in/products/amazon-transparent-tape-use-for-packaging","50956822774058","2 inch 130m / 12 / Free Delivery","","2 inch 130m","12","Free Delivery","1620.00","true","https://cdn.shopify.com/s/files/1/0965/0018/7434/files/WhatsAppImage2025-12-16at1.39.03PM.jpg?v=1765872614","","unreviewed"
"9982274273578","Amazon Prime Tape","https://www.ecosoftindia.in/products/amazon-prime-tape-use-for-packaging","50956725092650","3 inch 130m / 1 / Free Delivery","","3 inch 130m","1","Free Delivery","253.00","true","https://cdn.shopify.com/s/files/1/0965/0018/7434/files/WhatsAppImage2025-12-16at1.31.35PM.jpg?v=1765872121","","unreviewed"
"9982274273578","Amazon Prime Tape","https://www.ecosoftindia.in/products/amazon-prime-tape-use-for-packaging","50956862521642","3 inch 130m / 3 / Free Delivery","","3 inch 130m","3","Free Delivery","653.00","true","https://cdn.shopify.com/s/files/1/0965/0018/7434/files/WhatsAppImage2025-12-16at1.31.35PM.jpg?v=1765872121","","unreviewed"
"9982274273578","Amazon Prime Tape","https://www.ecosoftindia.in/products/amazon-prime-tape-use-for-packaging","50956862554410","3 inch 130m / 6 / Free Delivery","","3 inch 130m","6","Free Delivery","1305.00","true","https://cdn.shopify.com/s/files/1/0965/0018/7434/files/WhatsAppImage2025-12-16at1.31.35PM.jpg?v=1765872121","","unreviewed"
"9982274273578","Amazon Prime Tape","https://www.ecosoftindia.in/products/amazon-prime-tape-use-for-packaging","50956862587178","3 inch 130m / 12 / Free Delivery","","3 inch 130m","12","Free Delivery","2430.00","true","https://cdn.shopify.com/s/files/1/0965/0018/7434/files/WhatsAppImage2025-12-16at1.31.35PM.jpg?v=1765872121","","unreviewed"
"9981582049578","Amazon Courier bag without pocket","https://www.ecosoftindia.in/products/amazon-courier-bag-without-pocket","51374492156202","6*8 / 50 / Free Delivery","","6*8","50","Free Delivery","179.00","true","https://cdn.shopify.com/s/files/1/0965/0018/7434/files/WhatsApp_Image_2025-12-15_at_6.14.47_PM_1.jpg?v=1765802942","","unreviewed"
"9981582049578","Amazon Courier bag without pocket","https://www.ecosoftindia.in/products/amazon-courier-bag-without-pocket","50954192552234","6*8 / 100 / Free Delivery","","6*8","100","Free Delivery","249.00","true","https://cdn.shopify.com/s/files/1/0965/0018/7434/files/WhatsApp_Image_2025-12-15_at_6.14.47_PM_1.jpg?v=1765802942","","unreviewed"
"9981582049578","Amazon Courier bag without pocket","https://www.ecosoftindia.in/products/amazon-courier-bag-without-pocket","50954192585002","6*8 / 500 / Free Delivery","","6*8","500","Free Delivery","854.00","true","https://cdn.shopify.com/s/files/1/0965/0018/7434/files/WhatsApp_Image_2025-12-15_at_6.14.47_PM_1.jpg?v=1765802942","","unreviewed"
"9981582049578","Amazon Courier bag without pocket","https://www.ecosoftindia.in/products/amazon-courier-bag-without-pocket","50954192617770","6*8 / 1000 / Free Delivery","","6*8","1000","Free Delivery","1645.00","true","https://cdn.shopify.com/s/files/1/0965/0018/7434/files/WhatsApp_Image_2025-12-15_at_6.14.47_PM_1.jpg?v=1765802942","","unreviewed"
"9981582049578","Amazon Courier bag without pocket","https://www.ecosoftindia.in/products/amazon-courier-bag-without-pocket","51374492188970","8*11 / 50 / Free Delivery","","8*11","50","Free Delivery","209.00","true","https://cdn.shopify.com/s/files/1/0965/0018/7434/files/WhatsApp_Image_2025-12-15_at_6.14.47_PM_1.jpg?v=1765802942","","unreviewed"
"9981582049578","Amazon Courier bag without pocket","https://www.ecosoftindia.in/products/amazon-courier-bag-without-pocket","50954192716074","8*11 / 100 / Free Delivery","","8*11","100","Free Delivery","312.00","true","https://cdn.shopify.com/s/files/1/0965/0018/7434/files/WhatsApp_Image_2025-12-15_at_6.14.47_PM_1.jpg?v=1765802942","","unreviewed"
"9981582049578","Amazon Courier bag without pocket","https://www.ecosoftindia.in/products/amazon-courier-bag-without-pocket","50954192748842","8*11 / 500 / Free Delivery","","8*11","500","Free Delivery","1307.00","true","https://cdn.shopify.com/s/files/1/0965/0018/7434/files/WhatsApp_Image_2025-12-15_at_6.14.47_PM_1.jpg?v=1765802942","","unreviewed"
"9981582049578","Amazon Courier bag without pocket","https://www.ecosoftindia.in/products/amazon-courier-bag-without-pocket","50954192781610","8*11 / 1000 / Free Delivery","","8*11","1000","Free Delivery","2513.00","true","https://cdn.shopify.com/s/files/1/0965/0018/7434/files/WhatsApp_Image_2025-12-15_at_6.14.47_PM_1.jpg?v=1765802942","","unreviewed"
"9981582049578","Amazon Courier bag without pocket","https://www.ecosoftindia.in/products/amazon-courier-bag-without-pocket","51374492221738","10*12 / 50 / Free Delivery","","10*12","50","Free Delivery","217.00","true","https://cdn.shopify.com/s/files/1/0965/0018/7434/files/WhatsApp_Image_2025-12-15_at_6.14.47_PM_1.jpg?v=1765802942","","unreviewed"
"9981582049578","Amazon Courier bag without pocket","https://www.ecosoftindia.in/products/amazon-courier-bag-without-pocket","50954192879914","10*12 / 100 / Free Delivery","","10*12","100","Free Delivery","335.00","true","https://cdn.shopify.com/s/files/1/0965/0018/7434/files/WhatsApp_Image_2025-12-15_at_6.14.47_PM_1.jpg?v=1765802942","","unreviewed"
"9981582049578","Amazon Courier bag without pocket","https://www.ecosoftindia.in/products/amazon-courier-bag-without-pocket","50954192912682","10*12 / 500 / Free Delivery","","10*12","500","Free Delivery","1537.00","true","https://cdn.shopify.com/s/files/1/0965/0018/7434/files/WhatsApp_Image_2025-12-15_at_6.14.47_PM_1.jpg?v=1765802942","","unreviewed"
"9981582049578","Amazon Courier bag without pocket","https://www.ecosoftindia.in/products/amazon-courier-bag-without-pocket","50954192945450","10*12 / 1000 / Free Delivery","","10*12","1000","Free Delivery","3290.00","true","https://cdn.shopify.com/s/files/1/0965/0018/7434/files/WhatsApp_Image_2025-12-15_at_6.14.47_PM_1.jpg?v=1765802942","","unreviewed"
"9981582049578","Amazon Courier bag without pocket","https://www.ecosoftindia.in/products/amazon-courier-bag-without-pocket","51374492254506","12*14 / 50 / Free Delivery","","12*14","50","Free Delivery","297.00","true","https://cdn.shopify.com/s/files/1/0965/0018/7434/files/WhatsApp_Image_2025-12-15_at_6.14.47_PM_1.jpg?v=1765802942","","unreviewed"
"9981582049578","Amazon Courier bag without pocket","https://www.ecosoftindia.in/products/amazon-courier-bag-without-pocket","50954193043754","12*14 / 100 / Free Delivery","","12*14","100","Free Delivery","457.00","true","https://cdn.shopify.com/s/files/1/0965/0018/7434/files/WhatsApp_Image_2025-12-15_at_6.14.47_PM_1.jpg?v=1765802942","","unreviewed"
"9981582049578","Amazon Courier bag without pocket","https://www.ecosoftindia.in/products/amazon-courier-bag-without-pocket","50954193076522","12*14 / 500 / Free Delivery","","12*14","500","Free Delivery","2164.00","true","https://cdn.shopify.com/s/files/1/0965/0018/7434/files/WhatsApp_Image_2025-12-15_at_6.14.47_PM_1.jpg?v=1765802942","","unreviewed"
"9981582049578","Amazon Courier bag without pocket","https://www.ecosoftindia.in/products/amazon-courier-bag-without-pocket","50954193109290","12*14 / 1000 / Free Delivery","","12*14","1000","Free Delivery","4331.00","true","https://cdn.shopify.com/s/files/1/0965/0018/7434/files/WhatsApp_Image_2025-12-15_at_6.14.47_PM_1.jpg?v=1765802942","","unreviewed"
"9981582049578","Amazon Courier bag without pocket","https://www.ecosoftindia.in/products/amazon-courier-bag-without-pocket","51374492287274","12.5*16 / 50 / Free Delivery","","12.5*16","50","Free Delivery","362.00","true","https://cdn.shopify.com/s/files/1/0965/0018/7434/files/WhatsApp_Image_2025-12-15_at_6.14.47_PM_1.jpg?v=1765802942","","unreviewed"
"9981582049578","Amazon Courier bag without pocket","https://www.ecosoftindia.in/products/amazon-courier-bag-without-pocket","50954193207594","12.5*16 / 100 / Free Delivery","","12.5*16","100","Free Delivery","558.00","true","https://cdn.shopify.com/s/files/1/0965/0018/7434/files/WhatsApp_Image_2025-12-15_at_6.14.47_PM_1.jpg?v=1765802942","","unreviewed"
"9981582049578","Amazon Courier bag without pocket","https://www.ecosoftindia.in/products/amazon-courier-bag-without-pocket","50954193240362","12.5*16 / 500 / Free Delivery","","12.5*16","500","Free Delivery","2685.00","true","https://cdn.shopify.com/s/files/1/0965/0018/7434/files/WhatsApp_Image_2025-12-15_at_6.14.47_PM_1.jpg?v=1765802942","","unreviewed"
"9981582049578","Amazon Courier bag without pocket","https://www.ecosoftindia.in/products/amazon-courier-bag-without-pocket","50954193273130","12.5*16 / 1000 / Free Delivery","","12.5*16","1000","Free Delivery","5128.00","true","https://cdn.shopify.com/s/files/1/0965/0018/7434/files/WhatsApp_Image_2025-12-15_at_6.14.47_PM_1.jpg?v=1765802942","","unreviewed"
"9981582049578","Amazon Courier bag without pocket","https://www.ecosoftindia.in/products/amazon-courier-bag-without-pocket","51374492320042","14*17 / 50 / Free Delivery","","14*17","50","Free Delivery","427.00","true","https://cdn.shopify.com/s/files/1/0965/0018/7434/files/WhatsApp_Image_2025-12-15_at_6.14.47_PM_1.jpg?v=1765802942","","unreviewed"
"9981582049578","Amazon Courier bag without pocket","https://www.ecosoftindia.in/products/amazon-courier-bag-without-pocket","50954193371434","14*17 / 100 / Free Delivery","","14*17","100","Free Delivery","658.00","true","https://cdn.shopify.com/s/files/1/0965/0018/7434/files/WhatsApp_Image_2025-12-15_at_6.14.47_PM_1.jpg?v=1765802942","","unreviewed"
"9981582049578","Amazon Courier bag without pocket","https://www.ecosoftindia.in/products/amazon-courier-bag-without-pocket","50954193404202","14*17 / 500 / Free Delivery","","14*17","500","Free Delivery","4689.00","true","https://cdn.shopify.com/s/files/1/0965/0018/7434/files/WhatsApp_Image_2025-12-15_at_6.14.47_PM_1.jpg?v=1765802942","","unreviewed"
"9981582049578","Amazon Courier bag without pocket","https://www.ecosoftindia.in/products/amazon-courier-bag-without-pocket","50954193436970","14*17 / 1000 / Free Delivery","","14*17","1000","Free Delivery","6325.00","true","https://cdn.shopify.com/s/files/1/0965/0018/7434/files/WhatsApp_Image_2025-12-15_at_6.14.47_PM_1.jpg?v=1765802942","","unreviewed"
"9981582049578","Amazon Courier bag without pocket","https://www.ecosoftindia.in/products/amazon-courier-bag-without-pocket","51374492352810","17*19 / 50 / Free Delivery","","17*19","50","Free Delivery","526.00","true","https://cdn.shopify.com/s/files/1/0965/0018/7434/files/WhatsApp_Image_2025-12-15_at_6.14.47_PM_1.jpg?v=1765802942","","unreviewed"
"9981582049578","Amazon Courier bag without pocket","https://www.ecosoftindia.in/products/amazon-courier-bag-without-pocket","50954193535274","17*19 / 100 / Free Delivery","","17*19","100","Free Delivery","810.00","true","https://cdn.shopify.com/s/files/1/0965/0018/7434/files/WhatsApp_Image_2025-12-15_at_6.14.47_PM_1.jpg?v=1765802942","","unreviewed"
"9981582049578","Amazon Courier bag without pocket","https://www.ecosoftindia.in/products/amazon-courier-bag-without-pocket","50954193568042","17*19 / 500 / Free Delivery","","17*19","500","Free Delivery","3899.00","true","https://cdn.shopify.com/s/files/1/0965/0018/7434/files/WhatsApp_Image_2025-12-15_at_6.14.47_PM_1.jpg?v=1765802942","","unreviewed"
"9981582049578","Amazon Courier bag without pocket","https://www.ecosoftindia.in/products/amazon-courier-bag-without-pocket","50954193600810","17*19 / 1000 / Free Delivery","","17*19","1000","Free Delivery","7796.00","true","https://cdn.shopify.com/s/files/1/0965/0018/7434/files/WhatsApp_Image_2025-12-15_at_6.14.47_PM_1.jpg?v=1765802942","","unreviewed"
"9981582049578","Amazon Courier bag without pocket","https://www.ecosoftindia.in/products/amazon-courier-bag-without-pocket","51374492385578","21*23 / 50 / Free Delivery","","21*23","50","Free Delivery","759.00","true","https://cdn.shopify.com/s/files/1/0965/0018/7434/files/WhatsApp_Image_2025-12-15_at_6.14.47_PM_1.jpg?v=1765802942","","unreviewed"
"9981582049578","Amazon Courier bag without pocket","https://www.ecosoftindia.in/products/amazon-courier-bag-without-pocket","50954193699114","21*23 / 100 / Free Delivery","","21*23","100","Free Delivery","1167.00","true","https://cdn.shopify.com/s/files/1/0965/0018/7434/files/WhatsApp_Image_2025-12-15_at_6.14.47_PM_1.jpg?v=1765802942","","unreviewed"
"9981582049578","Amazon Courier bag without pocket","https://www.ecosoftindia.in/products/amazon-courier-bag-without-pocket","50954193731882","21*23 / 500 / Free Delivery","","21*23","500","Free Delivery","5632.00","true","https://cdn.shopify.com/s/files/1/0965/0018/7434/files/WhatsApp_Image_2025-12-15_at_6.14.47_PM_1.jpg?v=1765802942","","unreviewed"
"9981582049578","Amazon Courier bag without pocket","https://www.ecosoftindia.in/products/amazon-courier-bag-without-pocket","50954193764650","21*23 / 1000 / Free Delivery","","21*23","1000","Free Delivery","11261.00","true","https://cdn.shopify.com/s/files/1/0965/0018/7434/files/WhatsApp_Image_2025-12-15_at_6.14.47_PM_1.jpg?v=1765802942","","unreviewed"
"9981528506666","Amazon Paper courier bag with Lamination","https://www.ecosoftindia.in/products/amazon-paper-courier-bag-with-lamination","50954051748138","7x11.5 / 50","","7x11.5","50","","185.00","true","https://cdn.shopify.com/s/files/1/0965/0018/7434/files/Amazonpapercourierbagwithlamination.png?v=1764234052","","unreviewed"
"9981528506666","Amazon Paper courier bag with Lamination","https://www.ecosoftindia.in/products/amazon-paper-courier-bag-with-lamination","50954051780906","7x11.5 / 300","","7x11.5","300","","990.00","true","https://cdn.shopify.com/s/files/1/0965/0018/7434/files/Amazonpapercourierbagwithlamination.png?v=1764234052","","unreviewed"
"9981528506666","Amazon Paper courier bag with Lamination","https://www.ecosoftindia.in/products/amazon-paper-courier-bag-with-lamination","50954051813674","7x11.5 / 500","","7x11.5","500","","1650.00","true","https://cdn.shopify.com/s/files/1/0965/0018/7434/files/Amazonpapercourierbagwithlamination.png?v=1764234052","","unreviewed"
"9981528506666","Amazon Paper courier bag with Lamination","https://www.ecosoftindia.in/products/amazon-paper-courier-bag-with-lamination","50954051846442","7x11.5 / 1000","","7x11.5","1000","","3300.00","true","https://cdn.shopify.com/s/files/1/0965/0018/7434/files/Amazonpapercourierbagwithlamination.png?v=1764234052","","unreviewed"
"9981528506666","Amazon Paper courier bag with Lamination","https://www.ecosoftindia.in/products/amazon-paper-courier-bag-with-lamination","50954051879210","9x11 / 50","","9x11","50","","0.00","false","https://cdn.shopify.com/s/files/1/0965/0018/7434/files/Amazonpapercourierbagwithlamination.png?v=1764234052","","unreviewed"
"9981528506666","Amazon Paper courier bag with Lamination","https://www.ecosoftindia.in/products/amazon-paper-courier-bag-with-lamination","50954051911978","9x11 / 300","","9x11","300","","0.00","false","https://cdn.shopify.com/s/files/1/0965/0018/7434/files/Amazonpapercourierbagwithlamination.png?v=1764234052","","unreviewed"
"9981528506666","Amazon Paper courier bag with Lamination","https://www.ecosoftindia.in/products/amazon-paper-courier-bag-with-lamination","50954051944746","9x11 / 500","","9x11","500","","0.00","false","https://cdn.shopify.com/s/files/1/0965/0018/7434/files/Amazonpapercourierbagwithlamination.png?v=1764234052","","unreviewed"
"9981528506666","Amazon Paper courier bag with Lamination","https://www.ecosoftindia.in/products/amazon-paper-courier-bag-with-lamination","50954051977514","9x11 / 1000","","9x11","1000","","0.00","false","https://cdn.shopify.com/s/files/1/0965/0018/7434/files/Amazonpapercourierbagwithlamination.png?v=1764234052","","unreviewed"
"9981528506666","Amazon Paper courier bag with Lamination","https://www.ecosoftindia.in/products/amazon-paper-courier-bag-with-lamination","50954052010282","11x14 / 50","","11x14","50","","0.00","false","https://cdn.shopify.com/s/files/1/0965/0018/7434/files/Amazonpapercourierbagwithlamination.png?v=1764234052","","unreviewed"
"9981528506666","Amazon Paper courier bag with Lamination","https://www.ecosoftindia.in/products/amazon-paper-courier-bag-with-lamination","50954052043050","11x14 / 300","","11x14","300","","0.00","false","https://cdn.shopify.com/s/files/1/0965/0018/7434/files/Amazonpapercourierbagwithlamination.png?v=1764234052","","unreviewed"
"9981528506666","Amazon Paper courier bag with Lamination","https://www.ecosoftindia.in/products/amazon-paper-courier-bag-with-lamination","50954052075818","11x14 / 500","","11x14","500","","0.00","false","https://cdn.shopify.com/s/files/1/0965/0018/7434/files/Amazonpapercourierbagwithlamination.png?v=1764234052","","unreviewed"
"9981528506666","Amazon Paper courier bag with Lamination","https://www.ecosoftindia.in/products/amazon-paper-courier-bag-with-lamination","50954052108586","11x14 / 1000","","11x14","1000","","0.00","false","https://cdn.shopify.com/s/files/1/0965/0018/7434/files/Amazonpapercourierbagwithlamination.png?v=1764234052","","unreviewed"
"9981528506666","Amazon Paper courier bag with Lamination","https://www.ecosoftindia.in/products/amazon-paper-courier-bag-with-lamination","50954052141354","13x16 / 50","","13x16","50","","0.00","false","https://cdn.shopify.com/s/files/1/0965/0018/7434/files/Amazonpapercourierbagwithlamination.png?v=1764234052","","unreviewed"
"9981528506666","Amazon Paper courier bag with Lamination","https://www.ecosoftindia.in/products/amazon-paper-courier-bag-with-lamination","50954052174122","13x16 / 300","","13x16","300","","0.00","false","https://cdn.shopify.com/s/files/1/0965/0018/7434/files/Amazonpapercourierbagwithlamination.png?v=1764234052","","unreviewed"
"9981528506666","Amazon Paper courier bag with Lamination","https://www.ecosoftindia.in/products/amazon-paper-courier-bag-with-lamination","50954052206890","13x16 / 500","","13x16","500","","0.00","false","https://cdn.shopify.com/s/files/1/0965/0018/7434/files/Amazonpapercourierbagwithlamination.png?v=1764234052","","unreviewed"
"9981528506666","Amazon Paper courier bag with Lamination","https://www.ecosoftindia.in/products/amazon-paper-courier-bag-with-lamination","50954052239658","13x16 / 1000","","13x16","1000","","0.00","false","https://cdn.shopify.com/s/files/1/0965/0018/7434/files/Amazonpapercourierbagwithlamination.png?v=1764234052","","unreviewed"
"9981528506666","Amazon Paper courier bag with Lamination","https://www.ecosoftindia.in/products/amazon-paper-courier-bag-with-lamination","51047893270826","15x18 / 50","","15x18","50","","185.00","false","https://cdn.shopify.com/s/files/1/0965/0018/7434/files/Amazonpapercourierbagwithlamination.png?v=1764234052","","unreviewed"
"9981528506666","Amazon Paper courier bag with Lamination","https://www.ecosoftindia.in/products/amazon-paper-courier-bag-with-lamination","51047893303594","15x18 / 300","","15x18","300","","185.00","false","https://cdn.shopify.com/s/files/1/0965/0018/7434/files/Amazonpapercourierbagwithlamination.png?v=1764234052","","unreviewed"
"9981528506666","Amazon Paper courier bag with Lamination","https://www.ecosoftindia.in/products/amazon-paper-courier-bag-with-lamination","51047893336362","15x18 / 500","","15x18","500","","185.00","false","https://cdn.shopify.com/s/files/1/0965/0018/7434/files/Amazonpapercourierbagwithlamination.png?v=1764234052","","unreviewed"
"9981528506666","Amazon Paper courier bag with Lamination","https://www.ecosoftindia.in/products/amazon-paper-courier-bag-with-lamination","51047893369130","15x18 / 1000","","15x18","1000","","185.00","false","https://cdn.shopify.com/s/files/1/0965/0018/7434/files/Amazonpapercourierbagwithlamination.png?v=1764234052","","unreviewed"